pilot_order,item_id,org_id,organization,date,platform,platform_family,content_type,title_or_caption,source_summary
1,TC054-LI-001,TC054,Alight,2025-11-21,LinkedIn,social,social_post,"Support refugee-owned restaurants and businesses","Alight encourages support for refugee-owned restaurants and immigrant/refugee-owned businesses in the Twin Cities, framing purchases as support for livelihoods, culture, courage, hope, and new beginnings."
2,TC073-WEB-001,TC073,Center for Victims of Torture,2025-11-12,website,website,article,"A Legacy of Internships That Support Trauma Healing","CVT reflects on a decade of trauma-healing internships with Ethiopian universities and the role of supervision, professional development, and cross-community compassion."
3,TC041-LI-003,TC041,International Institute of Minnesota,2025-12-19,LinkedIn,social,social_post,"We support the Somali community in Minnesota and stand with all immigrants and refugees.","Institute posts a concise public solidarity message supporting Minnesota's Somali community and immigrants and refugees more broadly."
4,TC028-WEB-001,TC028,ACER,2025-12-01,website,website,article,"A Night of Gratitude: Friendsgiving with ACER Surrounding Community","ACER reflects on Friendsgiving, emphasizing gratitude, belonging, community leadership, housing support, trust, partnership, and organizing capacity."
5,TC057-LI-001,TC057,Immigrant Law Center of Minnesota,2025-11-20,LinkedIn,social,social_post,"Give to the Max Day support for ILCM legal services","ILCM asks for support to strengthen deportation defense and naturalization legal services, Know Your Rights workshops, outreach, and advocacy for humane policies."
6,D2-01-WEB-001,D2-01,ACLU of Minnesota,2025-12-17,website,website,press_release,"ACLU-MN, Pro Bono Partners Sue to Protect Protesters, Observers and Journalists from Illegal Activity by ICE","ACLU-MN announces litigation challenging alleged retaliation, detention, force, and intimidation against people observing and protesting immigration-enforcement activity in Minnesota."
7,TC073-LI-001,TC073,Center for Victims of Torture,2026-01-01,LinkedIn,social,social_post,"The Center for Victims of Torture hopes that 2026 will bring peace and happiness to everyone, around the world.","CVT opens 2026 with a brief message expressing hope for peace and happiness globally."
8,CI0032,TC041,International Institute of Minnesota,2025-11-17,website,website,announcement,"SNAP and Food Resources during Federal Government Shutdown","Institute shares food-access resources for clients, students, volunteers and community members, emphasizing food insecurity and practical assistance."
9,TC064-LI-002,TC064,The Advocates for Human Rights,2026-02-27,LinkedIn,social,social_post,"The Advocates for Human Rights is back at the United Nations","Organization previews March international advocacy at the UN Human Rights Council, including lobbying delegates, a side event, and stakeholder reports."
10,TC042-WEB-001,TC042,Isuroon,2025-11-11,website,website,event,"Anniversary Gratitude Dinner","Isuroon promotes its annual Anniversary Gratitude Dinner, a community gathering centered on gratitude and organizational support."
11,TC054-LI-002,TC054,Alight,2026-02-11,LinkedIn,social,social_post,"Four nonprofits providing lifesaving care to refugees in 2026","Alight amplifies an article naming organizations supporting displaced people and highlights health, trauma-healing, and crisis-response work."
12,TC057-WEB-001,TC057,Immigrant Law Center of Minnesota,2025-12-03,website,website,press_release,"Targeted ICE Enforcement of Somali Community in Minnesota Is Racist and Islamophobic","ILCM responds to targeted federal immigration enforcement affecting Minnesota's Somali community and frames the action as discriminatory and harmful."
13,TC073-LI-004,TC073,Center for Victims of Torture,2026-01-28,LinkedIn,social,social_post,"NEWS: We’re delighted to announce that Sonya Funna Evelyn has joined CVT as president and CEO!","CVT announces a leadership transition and highlights the new president and CEO's background in humanitarian response, psychology, health, and wellbeing."
14,TC073-WEB-004,TC073,Center for Victims of Torture,2025-12-10,website,website,article,"Mental Health is a Human Right: CVT’s Afghan Projects Bring Social Connection and Healing","CVT discusses Afghan-focused programs emphasizing social connection, trust, coping, resource access, and mental-health support for forced migrants."
15,TC075-LI-001,TC075,Unidos MN,2026-01-06,LinkedIn,social,social_post,"Healthcare Worker Resistance Training","Unidos MN promotes training on patient rights, HIPAA, and responding when ICE is present in healthcare settings, ending with 'Care is a right. Preparation is power.'"
16,D2-01-WEB-003,D2-01,ACLU of Minnesota,2026-01-07,website,website,press_release,"ACLU and ACLU of Minnesota Demand Immediate Action After ICE Shoots and Kills Minnesota Woman","ACLU-MN responds to the fatal shooting of Renee Good, expressing devastation and calling for federal immigration agents to withdraw from Minnesota."
17,TC041-LI-001,TC041,International Institute of Minnesota,2026-03-12,LinkedIn,social,social_post,"2026 Midway Chamber Nonprofit of the Year recognition","Institute celebrates an award and thanks staff, clients, students, volunteers, and donors, referring to difficult recent months and emphasizing bravery, compassion, and community support."
18,CI0034,TC041,International Institute of Minnesota,2025-12-03,website,website,statement,"Statement on the President’s Attacks on the Somali Community in Minnesota","Institute condemns rhetoric and policy targeting Somali, Burmese and Afghan communities and references a reported planned ICE operation and Somali TPS changes."
19,TC064-LI-001,TC064,The Advocates for Human Rights,2026-01-28,LinkedIn,social,social_post,"Individual detained in Minnesota sues DHS over denial of access to lawyers","The Advocates shares litigation concerning an individual detained in Minnesota and alleged denial of access to legal counsel."
20,TC057-WEB-002,TC057,Immigrant Law Center of Minnesota,2025-12-19,website,website,news_article,"Ten Things You Can Do to Support Immigrants and Refugees","ILCM provides concrete actions for people who want to support immigrants and refugees, connecting concern about attacks on immigrant communities to practical support and action."
21,TC073-LI-002,TC073,Center for Victims of Torture,2026-01-06,LinkedIn,social,social_post,"Human rights are for all of us, everywhere.","CVT urges supporters to work toward a world where all people can live free from torture and human-rights abuses."
22,TC073-WEB-005,TC073,Center for Victims of Torture,2026-01-08,website,website,statement,"CVT Denounces the ICE Shooting of Renee Nicole Good","CVT responds to Renee Good's fatal shooting and connects intensified immigration enforcement with fear, militarization, and trauma among immigrant communities and torture survivors."
23,TC054-LI-003,TC054,Alight,2026-03-18,LinkedIn,social,social_post,"Supporting refugees in Minnesota with everyday essentials","Alight describes continuing fear and safety concerns among Minnesota refugee communities and promotes a donation drive for hygiene items, household supplies, and children's care packages."
24,TC028-WEB-004,TC028,ACER,2026-03-19,website,website,article,"Beyond Survival: The Ongoing Impact of Long COVID","ACER tells a community member's story of persistent Long COVID symptoms, economic and healthcare challenges, resilience, and the need for trusted information and support."
25,TC057-LI-002,TC057,Immigrant Law Center of Minnesota,2026-01-08,LinkedIn,social,social_post,"Rapid-response and safety guidance during ICE activity","ILCM encourages neighbors to connect, mobilize, document witnessed ICE activity, contact rapid-response and detention resources, prepare safety plans, and report alleged misconduct."
26,D2-01-WEB-008,D2-01,ACLU of Minnesota,2026-02-03,website,website,legislative_item,"Rules and Administration - Subcommittee on the Federal Impact on Minnesotans and Economic Stability Committee Testimony","ACLU-MN lists testimony supporting legislation to limit immigration officials' access to childcare centers and discusses federal-enforcement impacts on Minnesotans."
27,TC064-LI-003,TC064,The Advocates for Human Rights,2026-03-24,LinkedIn,social,social_post,"Somali asylum seekers denied fair day in court","The Advocates criticizes the federal government's Somali fast-track immigration-court policy and argues that it denies meaningful access to counsel and asylum procedures."
28,CI0039,TC041,International Institute of Minnesota,2026-01-29,website,website,media_coverage,"Trapped inside: A Minnesota refugee family’s life on hold amid ICE arrests","Institute-hosted coverage of a refugee family staying inside and disrupting everyday life amid ICE arrests."
29,TC073-LI-003,TC073,Center for Victims of Torture,2026-01-11,LinkedIn,social,social_post,"Center for Victims of Torture shares mental health impacts amid surge of immigration enforcement operations","CVT amplifies local media in which a clinician describes how clients and the Minneapolis community are experiencing intensified enforcement and comparing it with conditions they fled."
30,TC057-WEB-003,TC057,Immigrant Law Center of Minnesota,2026-01-08,website,website,press_release,"ICE Terrorizes Communities Across Minnesota, Murders Minneapolis Woman","ILCM condemns federal immigration-enforcement violence following the fatal shooting of Renee Good and describes fear, harm, and community impact."
31,TC054-LI-004,TC054,Alight,2026-03-18,LinkedIn,social,social_post,"Ramadan reflection on Minnesota Somali community and Somalia","Alight reflects on a Minneapolis Iftar and connects concerns facing Somali immigrant families in Minnesota with humanitarian crisis and displacement in Somalia, emphasizing diaspora solidarity."
32,TC042-WEB-003,TC042,Isuroon,2026-02-10,website,website,in_the_news_card,"CBS News Minnesota With Some Minneapolis Muslims in Hiding, a Nonprofit Is Gathering Halal Food for Ramadan","Isuroon's website highlights media coverage of increased food insecurity and support for immigrant families during Ramadan."
33,TC064-LI-004,TC064,The Advocates for Human Rights,2026-03-27,LinkedIn,social,social_post,"Council to document impacts of Operation Metro Surge","The Advocates shares coverage of a Minnesota council established to document impacts of Operation Metro Surge."
34,TC073-WEB-013,TC073,Center for Victims of Torture,2026-03-12,website,website,article,"The Community Shows up to Help CVT Clients During ICE Surge","CVT describes escalating client fear and material needs and how staff, volunteers, and community members organized food delivery, crisis support, and mutual aid."
35,TC057-LI-003,TC057,Immigrant Law Center of Minnesota,2026-02-12,LinkedIn,social,social_post,"ICE at Hotels: What You Need to Know","ILCM provides rights and response guidance for hotel guests, staff, and managers regarding ICE access, warrants, guest privacy, employee protocols, and preparation."
36,D2-01-WEB-012,D2-01,ACLU of Minnesota,2026-03-03,website,website,press_release,"ACLU of Minnesota Pushes to End 287(g) Agreements with HF 3413, New Report, Community Organizing","ACLU-MN promotes legislation and organizing intended to end 287(g) agreements between ICE and state/local agencies in Minnesota."
37,TC041-LI-002,TC041,International Institute of Minnesota,2026-03-10,LinkedIn,social,social_post,"2025 Annual Report impact summary","Institute reports serving 6,017 New Americans from 121 countries and highlights immigration, refugee, workforce, and education services while framing continued support as essential."
38,CI0047,TC041,International Institute of Minnesota,2026-03-16,website,website,supporter_thanks,"Thank you, small businesses & organizations","Institute thanks businesses and organizations that provided donations, in-kind support, volunteering, legal-service expansion, groceries and rent assistance during the crisis."
39,TC074-LI-001,TC074,COPAL,2025-12-03,LinkedIn,social,social_post,"Stand with Somali families facing ICE persecution","COPAL states solidarity with Somali families facing ICE enforcement, rejects division among immigrant communities, and emphasizes bravery, unity, and the right of families to live without fear."
40,TC057-WEB-005,TC057,Immigrant Law Center of Minnesota,2026-01-26,website,website,press_release,"ICE Murders Second Civilian in Broad Daylight in Continued Violent Occupation of Minnesota","ILCM responds to the fatal shooting of Alex Pretti and situates it within broader enforcement actions, using strong language about fear, violence, surveillance, detention, and community harm."
