org_id,organization_name,screening_decision,analysis_universe_status,primary_universe_flag,evidence_certainty,twin_cities_presence,immigrant_refugee_relevance,civil_society_form,study_period_existence,unit_of_analysis_flag,evidence_summary,evidence_url_1,evidence_url_2,communication_audit_note,screening_notes,source_screening_file
TC001,Caring Friends Network,probably_eligible,include_primary_universe,1,provisional,unknown,probable,unknown,probable,needs_more_verification,Previously identified in Wilder landscape scan as immigrant/refugee-serving education organization; current independent verification still needed,,,,Retain pending stronger current evidence,eligibility_screening_batch_01_TC001_TC010.csv
TC002,Cedar Riverside Adult Education Collaborative,probably_eligible,include_primary_universe,1,provisional,yes,yes,collaboration,yes,collaboration_not_standalone,"Official site states CRAEC is a collaboration among Riverside Plaza Tenants Association, Brian Coyle Community Center, and Minneapolis Public Schools Adult Basic Education and serves adult immigrants and refugees in Cedar-Riverside",https://www.cedarriversideabe.org/about-us,https://www.metrostate.edu/community/engaged-learning/project-SHINE/community-partners,,"Meets population and geography criteria, but later decide whether collaboration is a standalone communication unit",eligibility_screening_batch_01_TC001_TC010.csv
TC003,Centro Tyrone Guzman,eligible,include_primary_universe,1,verified,yes,yes,nonprofit,yes,standalone_organization,Minneapolis-based Latine multi-service organization; official site documents community role and current communication concerning families affected by immigration enforcement,https://www.centromn.org/about,https://www.centromn.org/home,,Strong inclusion case,eligibility_screening_batch_01_TC001_TC010.csv
TC004,East African Integration Center,probably_eligible,include_primary_universe,1,provisional,probable,probable,community_based_org,probable,needs_more_verification,Seed-frame source identifies East African immigrant/refugee youth and family services; current independent verification still needed,,,,Retain pending current official-source check,eligibility_screening_batch_01_TC001_TC010.csv
TC005,International Education Center,eligible,include_primary_universe,1,verified,yes,yes,program_under_parent_org,yes,program_unit_to_review,"Official site states IEC is a downtown Minneapolis Adult Basic Education program whose mission is to help first-generation immigrants, refugees, and their families become independent and productive members of the Twin Cities community",https://iecminnesota.org/,https://iecminnesota.org/about-us,,Eligible population/geography; later decide whether to code IEC separately from its umbrella organization,eligibility_screening_batch_01_TC001_TC010.csv
TC006,Ka Joog,probably_eligible,include_primary_universe,1,provisional,yes,probable,nonprofit_or_cbo,yes,standalone_organization,Longstanding Minneapolis Somali/East African youth and family organization in seed universe; current official-source verification should be completed before final lock,,,,Retain pending one-source verification,eligibility_screening_batch_01_TC001_TC010.csv
TC007,Keystone Community Services,probably_eligible,include_primary_universe,1,provisional,yes,uncertain,nonprofit,yes,broad_service_org,St. Paul nonprofit with broad social-service mission; immigrant/refugee relevance appears program-specific rather than central,,,,Retain for now; later require evidence that immigrants/refugees are a substantial public rather than incidental beneficiaries,eligibility_screening_batch_01_TC001_TC010.csv
TC008,Literacy Minnesota,probably_eligible,include_primary_universe,1,provisional,yes,probable,nonprofit,yes,broad_service_org,Twin Cities adult-literacy nonprofit with extensive English-learning work; immigrant/refugee relevance is substantial but should be confirmed as explicit enough for this study's organizational universe,,,,Likely eligible but keep provisional until mission/program evidence is logged,eligibility_screening_batch_01_TC001_TC010.csv
TC009,Minnesota Somali Community Center,eligible,include_primary_universe,1,verified,yes,yes,nonprofit,yes,standalone_organization,"Official site identifies Minnesota Somali Community Center as a Minnesota 501(c)(3) nonprofit in Minneapolis providing immigration-related support, advocacy, workforce, housing, and other community services",https://mn-scc.org/,https://mnsomalicommunitycenter.org/?page_id=612,,Strong inclusion case; note current domain appears to be mn-scc.org,eligibility_screening_batch_01_TC001_TC010.csv
TC010,Minnesota Africans United,eligible,include_primary_universe,1,verified,yes,yes,nonprofit,yes,standalone_organization,Official site identifies MAU as a 501(c)(3) coalition of African immigrants in Minnesota with a Brooklyn Park address and a mission centered on access to resources for African communities,https://www.mnafricansunited.org/,,,Strong inclusion case,eligibility_screening_batch_01_TC001_TC010.csv
TC011,MORE,eligible,include_primary_universe,1,verified,yes,yes,nonprofit,yes,standalone_organization,"Official site states MORE serves refugees, immigrants, and New Americans in St. Paul and provides education/support aimed at economic and social independence; Minnesota resource listing confirms refugees and immigrants are an explicit eligible population",https://www.more-empowerment.org/historyandmission,https://mn.gov/adresources/search/4b2d0f32-6bdd-589b-956e-f8a074619c17/,,Strong inclusion case,eligibility_screening_batch_02_TC011_TC020.csv
TC012,MTA Center - Mothers Tutoring Academy,probably_eligible,include_primary_universe,1,provisional,yes,uncertain,organization_or_program,yes,needs_more_verification,"Current site confirms an active St. Paul tutoring/education organization, but its public mission is broadly focused on youth education and does not currently make immigrant/refugee communities explicit; retain provisionally because it entered the seed frame through immigrant-serving landscape research",https://mtacenter.org/,https://mtacenter.org/faqs/,,Needs stronger evidence that immigrants/refugees are a substantial public rather than incidental participants,eligibility_screening_batch_02_TC011_TC020.csv
TC013,Sierra Leone Community in Minnesota,eligible,include_primary_universe,1,verified,yes,yes,community_based_org,yes,standalone_organization,"Official site identifies SLCM as an umbrella organization serving Sierra Leonean and related West African communities in Minneapolis-St. Paul, with explicit immigrant-community collaboration and Twin Cities service geography",https://slcmn.org/,https://slcmn.org/about/,,Strong inclusion case,eligibility_screening_batch_02_TC011_TC020.csv
TC014,Somali American Parent Association (SAPA),eligible,include_primary_universe,1,verified,yes,yes,community_based_org,probable,standalone_organization,"Minnesota DHS cultural-provider directory identifies SAPA in Minneapolis and lists immigration legal services, parent education, cultural-crossing training, and student-success programs serving Somali families",https://mn.gov/dhs/assets/cultural-providers-resource-list_tcm1053-413784.pdf,,,Strong substantive fit; current study-period organizational activity should still be confirmed later,eligibility_screening_batch_02_TC011_TC020.csv
TC015,Aeon,exclude,exclude,0,excluded,yes,no_or_incidental,nonprofit,yes,broad_service_org,"Aeon is an active Minneapolis 501(c)(3) affordable-housing nonprofit, but its current mission and public-facing materials are broad housing-focused and do not identify immigrants/refugees as an explicit or substantial organizational public",https://aeon.org/,https://aeon.org/about/,,Exclude from organizational universe under incidental-population rule; immigrants may be clients but are not a defined organizational public,eligibility_screening_batch_02_TC011_TC020.csv
TC016,Bridging,exclude,exclude,0,excluded,yes,no_or_incidental,nonprofit,yes,broad_service_org,"Bridging is a Twin Cities 501(c)(3) furniture-bank/housing-stability nonprofit serving a broad low-income population; historical materials note immigrants/refugees among many client groups, but the current mission does not make them an explicit or substantial organizational public",https://bridging.org/,https://bloomington.minneapolischamber.org/list/member/bridging-11945,,Exclude under incidental-population rule,eligibility_screening_batch_02_TC011_TC020.csv
TC017,Casa Guadalupana,eligible,include_primary_universe,1,verified,yes,yes,faith_rooted_nonprofit,yes,standalone_organization,Official site states Casa Guadalupana has served migrant families since 1999 and provides housing and support to people who fled war/persecution and are going through the U.S. asylum process; site identifies it as a tax-exempt charitable organization,https://www.casaguadalupana.org/,https://www.casaguadalupana.org/pagina-nueva,,Strong inclusion case,eligibility_screening_batch_02_TC011_TC020.csv
TC018,East African Housing Services,exclude,exclude,0,excluded,yes,uncertain_or_not_explicit,commercial_or_health_service_provider,yes,organizational_form_mismatch,Current public records identify East African Housing Services Inc. as an active Minneapolis community/behavioral-health and housing-support provider; available evidence does not establish nonprofit/civil-society status or an explicit immigrant/refugee public,https://www.hennepin.us/-/media/hennepinus/business/work-with-hennepin-county/current-future-providers/community-based-housing-support-provider-list.pdf,https://npiprofile.com/npi/1710347539,,Exclude under civil-society-form and population-relevance criteria unless later evidence establishes nonprofit immigrant-serving status,eligibility_screening_batch_02_TC011_TC020.csv
TC019,Esperanza United,probably_eligible,include_primary_universe,1,provisional,yes,probable,nonprofit,yes,standalone_organization,"Official site confirms a St. Paul-origin nonprofit serving Latinas/Latin@ communities through domestic- and sexual-violence services. Immigrant relevance is plausible and likely substantial, but the current public mission is broader than immigration and does not by itself establish immigrants/refugees as an explicit organizational public",https://esperanzaunited.org/en/,,,Retain provisionally; later verify immigrant-specific programs/communications during study period,eligibility_screening_batch_02_TC011_TC020.csv
TC020,Greater Metropolitan Housing Corporation,exclude,exclude,0,excluded,yes,no_or_incidental,nonprofit,yes,broad_service_org,GMHC is a Twin Cities affordable-housing nonprofit serving low- and moderate-income individuals and families broadly; its current mission and state resource listing do not identify immigrant/refugee communities as an explicit or substantial organizational public,https://www.gmhchousing.org/about-us,https://mn.gov/adresources/search/b0ee61b1-18ad-5d5e-b2a6-bde6f73b57a6/,,Exclude under incidental-population rule,eligibility_screening_batch_02_TC011_TC020.csv
TC021,IAFR Jonathan House,eligible,include_primary_universe,1,verified,yes,yes,faith_based_nonprofit_program,yes,program_under_parent_org,"Jonathan House is an IAFR program in Minneapolis-St. Paul providing shelter, supportive housing, practical assistance, and community connections specifically to asylum seekers and people recovering from forced displacement",https://jonathanhouse.org/,https://iafr.org/projects/jonathan-house,,Strong inclusion case; later decide whether coding unit is Jonathan House program or IAFR Minneapolis-St. Paul,eligibility_screening_batch_03_TC021_TC030.csv
TC022,Lutheran Social Service of Minnesota - Refugee Services,eligible,include_primary_universe,1,verified,yes,yes,nonprofit_program,yes,program_under_parent_org,"LSS Refugee Services explicitly serves refugees in the Twin Cities through case management, employment services, and immigration legal services; Minneapolis office documented",https://www.lssmn.org/services/refugees,https://www.lssmn.org/services/refugees/services/legal,,Strong inclusion case; treat Refugee Services as the relevant organizational program,eligibility_screening_batch_03_TC021_TC030.csv
TC023,Missions Inc. Programs,probably_eligible,include_primary_universe,1,provisional,yes,yes_at_program_level,nonprofit,yes,program_level_relevance,"Missions Inc. is a broad nonprofit, but its Home Free Community Program includes a dedicated Immigrant and Refugee Program providing culturally specific domestic-violence advocacy and immigration-specific support",https://www.missionsinc.org/our-services/domestic-violence-services/,https://www.missionsinc.org/about-us/,,Retain provisionally; likely include only if communication can be attributed to the immigrant/refugee program rather than the parent organization generally,eligibility_screening_batch_03_TC021_TC030.csv
TC024,Sakan,eligible,include_primary_universe,1,verified,yes,yes,nonprofit_or_community_org,yes,standalone_organization,"Sakan Community Resources states that it focuses on immigrant families in Minnesota's seven-county Twin Cities area through homeownership, financial stability, civic engagement, and advocacy",https://www.sakanresources.org/,,,Strong inclusion case,eligibility_screening_batch_03_TC021_TC030.csv
TC025,Twin Cities Habitat for Humanity,exclude,exclude,0,excluded,yes,no_or_incidental,nonprofit,yes,broad_service_org,"Twin Cities Habitat's current mission centers affordable homeownership and racial equity in housing across the seven-county metro. Noncitizens may be eligible, but immigrant/refugee communities are not an explicit or substantial organizational public",https://www.tchabitat.org/about,https://help.tchabitat.org/knowledge/program-eligibility,,Exclude under incidental-population rule,eligibility_screening_batch_03_TC021_TC030.csv
TC026,Volunteers of America Minnesota and Wisconsin,exclude,exclude,0,excluded,yes,no_or_incidental,nonprofit,yes,broad_service_org,"VOA MN/WI operates broad programs for youth, older adults, people with disabilities, reentry, and other populations. Current organizational materials do not identify immigrant/refugee communities as a defining or substantial public",https://www.voamnwi.org/,https://www.voamnwi.org/contact-us,,Exclude under incidental-population rule,eligibility_screening_batch_03_TC021_TC030.csv
TC027,ZACAH,eligible,include_primary_universe,1,verified,yes,yes,faith_rooted_nonprofit,yes,standalone_organization,"ZACAH operates refugee rental assistance in Minnesota and works with Afghan Cultural Society, refugee resettlement agencies, community organizations, and state partners to support Afghan refugees with housing",https://www.zacah.org/refugee-rental-assistance,,,Strong inclusion case,eligibility_screening_batch_03_TC021_TC030.csv
TC028,African Career Education and Resources Inc. (ACER),eligible,include_primary_universe,1,verified,yes,yes,community_based_nonprofit,yes,standalone_organization,"ACER is a Twin Cities community-based organization founded to work with African immigrants and other BIPOC communities through housing, economic opportunity, health equity, civic engagement, and advocacy",https://acerinc.org/programs/,https://acerinc.org/,,Strong inclusion case,eligibility_screening_batch_03_TC021_TC030.csv
TC029,African Community Services,eligible,include_primary_universe,1,verified,yes,yes,nonprofit_community_based_org,yes,standalone_organization,"African Community Services is an active Minneapolis nonprofit founded by Somali refugees and provides settlement, integration, advocacy, housing, employment, and other services to African immigrants and refugees across the Twin Cities",https://mn.gov/adresources/search/bd21f4b6-13d5-50ff-a3d2-bdf84656b450/?entry=topic_card,https://africancs.org/contact/,,Strong inclusion case,eligibility_screening_batch_03_TC021_TC030.csv
TC030,African Development Center of Minnesota,eligible,include_primary_universe,1,verified,yes,yes,nonprofit_community_development_org,yes,standalone_organization,"African Development Center is headquartered in Minneapolis and explicitly states a mission of economic empowerment for African immigrants and refugees through financial literacy, business development, homeownership, and micro-lending",https://www.adcminnesota.org/node/5,https://www.adcminnesota.org/home,,Strong inclusion case,eligibility_screening_batch_03_TC021_TC030.csv
TC031,African Economic Development Solutions (AEDS),eligible,include_primary_universe,1,verified,yes,yes,nonprofit_community_development_org,yes,standalone_organization,"AEDS is based in St. Paul and explicitly states that its mission is to build wealth within African immigrant communities through business development, lending, homeownership education, and community building",https://www.aeds-mn.org/about,https://www.aeds-mn.org/programs-and-services,,Strong inclusion case,eligibility_screening_batch_04_TC031_TC040.csv
TC032,AFDN / African Families Development Network,probably_eligible,include_primary_universe,1,provisional,yes,yes,nonprofit,probable,standalone_organization,"Current nonprofit records identify African Families Development Network as a Minneapolis 501(c)(3) classified under ethnic/immigrant centers and services, with a mission focused on African immigrant families; however, the organization's current web presence/activity during the study period is unclear and Minnesota DHS provider-exclusion records warrant caution",https://projects.propublica.org/nonprofits/organizations/263038494,https://www.charitynavigator.org/ein/263038494,,Retain provisionally pending confirmation of active study-period organizational operations and public communication,eligibility_screening_batch_04_TC031_TC040.csv
TC033,African Immigrants Community Services (AICS),eligible,include_primary_universe,1,verified,yes,yes,community_based_nonprofit,yes,standalone_organization,"AICS explicitly serves African immigrants and refugees in the Twin Cities and provides county-assistance navigation, language support, employment services, cultural orientation, and refugee services",https://aicsmn.org/,https://aicsmn.org/welcome-to-aics/,,Strong inclusion case,eligibility_screening_batch_04_TC031_TC040.csv
TC034,Al-Maa'uun,probably_eligible,include_primary_universe,1,provisional,yes,probable,faith_rooted_nonprofit,yes,standalone_organization,"Al-Maa'uun is a Minneapolis 501(c)(3) faith-rooted service organization. Its current mission centers poverty, recovery, housing, employment, and Black/communities of color rather than immigration specifically, although community directories classify it under immigrant/refugee services and it is embedded in a multiethnic Muslim community",https://almaauun.org/about-us/,https://handsontwincities.galaxydigital.com/agency/detail/?agency_id=132772,,Retain provisionally; later require evidence that immigrant/refugee communities are a substantial organizational public rather than incidental beneficiaries,eligibility_screening_batch_04_TC031_TC040.csv
TC035,Arrive Ministries,eligible,include_primary_universe,1,verified,yes,yes,faith_based_nonprofit,yes,standalone_organization,"Arrive Ministries is a Richfield-based refugee resettlement agency and 501(c)(3) that explicitly serves refugees and immigrants in the Twin Cities through resettlement, employment, education, volunteer connection, and DOJ-recognized immigration legal services",https://arriveministries.org/who-we-are/,https://arriveministries.org/immigration-legal-services/,,Strong inclusion case,eligibility_screening_batch_04_TC031_TC040.csv
TC036,Catholic Charities Twin Cities,exclude,exclude,0,excluded,yes,no_or_incidental_currently,nonprofit,yes,broad_service_org,"Catholic Charities is an active Twin Cities nonprofit and communicated about immigration enforcement in 2026, but its dedicated refugee reception and placement program closed permanently in 2018 and its current service portfolio is broad housing, shelter, child/family, disability, and homelessness work rather than an immigrant/refugee-serving organizational mission",https://old.cctwincities.org/locations/refugee-reception-placement/,https://cctwincities.org/services-and-locations/,,Exclude from the core organizational universe under the current mission/population rule; preserve separately as a potentially relevant study-period communicator if the design later broadens beyond immigrant-serving organizations,eligibility_screening_batch_04_TC031_TC040.csv
TC037,CommonBond Communities,exclude,exclude,0,excluded,yes,no_or_incidental,nonprofit,yes,broad_service_org,"CommonBond is a St. Paul-based affordable-housing nonprofit serving adults, families, older adults, veterans, and people with disabilities. Some residents are immigrants/refugees, but they are not an explicit or substantial organizational public in the current mission",https://commonbond.org/find-a-home/,https://www.hennepincounty.gov/housing/hennepin-county-housing-stories/innovative-development-integrates-affordable-housing,,Exclude under incidental-population rule,eligibility_screening_batch_04_TC031_TC040.csv
TC038,Comunidades Latinas Unidas En Servicio (CLUES),eligible,include_primary_universe,1,verified,yes,yes,Latino_led_nonprofit,yes,standalone_organization,"CLUES is Minnesota's largest Latino-led nonprofit, with offices in St. Paul and Minneapolis, providing culturally and linguistically relevant services and systemic-change work for Latino communities",https://clues.org/,https://clues.org/about/,,Strong inclusion case as an identifiable immigrant-origin community organization even though its mission is framed broadly around Latinos rather than immigration status,eligibility_screening_batch_04_TC031_TC040.csv
TC039,Darul Uloom Center,eligible,include_primary_universe,1,verified,yes,yes,nonprofit_faith_community_org,yes,standalone_organization,"Darul Uloom Center in St. Paul explicitly states that it helps refugees and immigrants through skill/literacy programs and provides immigration, interpretation, and citizenship services",https://darululoomcenter.org/nonprofit-organization-core-programs,,,Strong inclusion case,eligibility_screening_batch_04_TC031_TC040.csv
TC040,Igbo Women League of Minnesota,eligible,include_primary_universe,1,verified,yes,yes,ethnocultural_nonprofit,yes,standalone_organization,"Igbo Women League of Minnesota is a Brooklyn Center 501(c)(3) founded by Igbo women and serving Igbo/African-origin women and families in Minnesota through cultural, educational, health, youth, and community programs",https://igbowomenleaguemn.org/,https://igbowomenleaguemn.org/about-us,,Strong inclusion case as an identifiable immigrant-origin ethnocultural organization,eligibility_screening_batch_04_TC031_TC040.csv
TC041,International Institute of Minnesota,eligible,include_primary_universe,1,verified,yes,yes,nonprofit,yes,standalone_organization,"Official site states the Institute helps immigrants and refugees make Minnesota their home through refugee resettlement, immigration and citizenship assistance, English education, workforce development, and related New American services from its St. Paul office",https://iimn.org/about-us/,https://iimn.org/programs/,,Strong inclusion case,eligibility_screening_batch_05_TC041_TC050.csv
TC042,Isuroon,eligible,include_primary_universe,1,verified,yes,yes,nonprofit_community_based_org,yes,standalone_organization,"Official site identifies Isuroon as a Somali women-led organization in Minneapolis serving Somali and other ethnic women, with refugee support and culturally specific services; Minnesota Help Me Connect states programs are designed for immigrants and refugees and serve the Twin Cities metro",https://isuroon.org/,https://helpmeconnect.web.health.state.mn.us/HelpMeConnect/Providers/Isuroon/Counseling_Services/1,,Strong inclusion case,eligibility_screening_batch_05_TC041_TC050.csv
TC043,Minnesota African Women's Association,eligible,include_primary_universe,1,verified,yes,yes,nonprofit_community_based_org,yes,standalone_organization,"MAWA states its mission is to promote the health and well-being of African refugee and immigrant women and their families in the Twin Cities through research, education, advocacy, and programming",https://mawanet.org/who-we-are/,https://jobs.minnesotanonprofits.org/company/minnesota-african-womens-association-66816,,Strong inclusion case,eligibility_screening_batch_05_TC041_TC050.csv
TC044,Minnesota Council of Churches - Refugee Services,eligible,include_primary_universe,1,verified,yes,yes,faith_based_nonprofit_program,yes,program_under_parent_org,"Minnesota Council of Churches operates Refugee & Immigrant Services from its Twin Cities office in St. Paul, providing welcome, support, and resources for newcomers resettling in Minnesota",https://mnchurches.org/,https://mnchurches.org/contact,,Strong inclusion case; relevant unit is Refugee & Immigrant Services,eligibility_screening_batch_05_TC041_TC050.csv
TC045,Neighborhood House,eligible,include_primary_universe,1,verified,yes,yes,nonprofit,yes,standalone_organization,"Neighborhood House states it has served refugees and immigrants on St. Paul's West Side for more than a century and remains a full-service hub for refugees, immigrants, and others in transition",https://neighborhoodhousemn.org/about/,https://neighborhoodhousemn.org/,,Strong inclusion case,eligibility_screening_batch_05_TC041_TC050.csv
TC046,New American Development Center,eligible,include_primary_universe,1,verified,yes,yes,nonprofit_community_development_org,yes,standalone_organization,Minnesota Attorney General registry lists NADC as an active Minneapolis charity serving minority/immigrant families; Hennepin County describes its culturally appropriate business and financial services for the East African immigrant community,https://www.ag.state.mn.us/charity/Search/CHR_GeneralInfo.asp?FederalID=320241006&Yr=CURR&cmdSearch=View,https://www.elevatehennepin.org/what-we-offer/resource-directory/new-american-development-center,,Strong inclusion case,eligibility_screening_batch_05_TC041_TC050.csv
TC047,Oromo Community of Minnesota,eligible,include_primary_universe,1,verified,yes,yes,nonprofit_community_based_org,yes,standalone_organization,"Official site states OCM was established to help Oromo refugees and immigrants settle and integrate in Minnesota, particularly the Twin Cities, and is a 501(c)(3) nonprofit based in St. Paul",https://oromocommunitymn.org/about-us/,https://oromocommunitymn.org/,,Strong inclusion case,eligibility_screening_batch_05_TC041_TC050.csv
TC048,Our Saviour's Community Services,eligible,include_primary_universe,1,verified,yes,yes,nonprofit,yes,standalone_organization_with_immigrant_program,"OSCS is an independent Minneapolis nonprofit whose English Learning Center explicitly serves adult immigrants and refugees with English, math, digital literacy, and citizenship preparation",https://oscs-mn.org/about/,https://oscs-mn.org/english-learning-center/,,Strong inclusion case; immigrant/refugee relevance is concentrated in the English Learning Center but substantial enough to retain the parent organization,eligibility_screening_batch_05_TC041_TC050.csv
TC049,PRISM,exclude,exclude,0,excluded,yes,no_or_incidental,nonprofit,yes,broad_service_org,"PRISM is a Golden Valley nonprofit providing food, clothing, housing-related assistance, and resource navigation to low-income households broadly; current materials do not identify immigrants/refugees as an explicit or substantial organizational public",https://prismmpls.org/,https://mn.gov/adresources/search/4243e8ed-90c4-57d4-908b-bf5a998d7f34,,Exclude under incidental-population rule,eligibility_screening_batch_05_TC041_TC050.csv
TC050,Project for Pride in Living,exclude,exclude,0,excluded,yes,no_or_incidental,nonprofit,yes,broad_service_org,PPL is an active Minneapolis charity serving low- and moderate-income individuals and families through housing and employment programs; current mission and service descriptions do not identify immigrant/refugee communities as a defining organizational public,https://careerforce.mn.gov/partner/project-pride-living-minneapolis,https://www.ag.state.mn.us/Charity/Search/CHR_GeneralInfo.asp?FederalID=237232208&Yr=CURR&cmdSearch=View,,Exclude under incidental-population rule,eligibility_screening_batch_05_TC041_TC050.csv
TC051,Somali Community Resettlement Services,eligible,include_primary_universe,1,verified,yes,yes,nonprofit_community_based_org,yes,standalone_organization,Official site states a mission to advance the social well-being of immigrants and refugees through community and resettlement services; Minneapolis office serves the Twin Cities metro and state resource listings explicitly identify immigrant/refugee specialization,https://somalcrs.org/,https://helpmeconnect.web.health.state.mn.us/HelpMeConnect/Providers/Somali_Community_Resettlement_Services/Forms_Assistance/3,,Strong inclusion case,eligibility_screening_batch_06_TC051_TC060.csv
TC052,Somali Success,eligible,include_primary_universe,1,verified,yes,yes,nonprofit_community_based_org,yes,standalone_organization,"Somali Success is a Minneapolis 501(c)(3) constituency-based organization whose mission explicitly centers immigrants and new refugees through education, advocacy, employment, citizenship, and support services",https://www.somalisuccess.org/about/mission/,https://www.somalisuccess.org/,,Strong inclusion case,eligibility_screening_batch_06_TC051_TC060.csv
TC053,YMCA of the North - Immigrant and Refugee Support,eligible,include_primary_universe,1,verified,yes,yes,nonprofit_program,yes,program_under_parent_org,"YMCA of the North operates New American Welcome Centers and Resettlement Network Services that explicitly support newcomers with resource navigation, integration, and immigration legal services in partnership with Minnesota's resettlement system",https://www.ymcanorth.org/impact/newcomer_support,https://mn.gov/dhs/resettlement/provider-list/,,Strong inclusion at program level; do not treat the entire YMCA portfolio as the sampling unit,eligibility_screening_batch_06_TC051_TC060.csv
TC054,Alight,eligible,include_primary_universe,1,verified,yes,yes,nonprofit_humanitarian_org,yes,standalone_or_local_hub,"Alight has a Minneapolis hub and during the study period directly supported refugee and immigrant families in Minnesota, including emergency response to Operation PARRIS and statewide resettlement-network coordination",https://www.wearealight.org/contact,https://www.wearealight.org/stories/supporting-our-minnesota-community,,Strong inclusion case; later decide whether to code Minneapolis/Minnesota communications as local hub material within the global organization,eligibility_screening_batch_06_TC051_TC060.csv
TC055,CAPI USA,eligible,include_primary_universe,1,verified,yes,yes,nonprofit_community_based_org,yes,standalone_organization,CAPI explicitly provides comprehensive support services for immigrants and refugees in the Twin Cities and operates the CAPI Immigrant Opportunity Center in Brooklyn Center,https://www.capiusa.org/,https://www.capiusa.org/services,,Strong inclusion case,eligibility_screening_batch_06_TC051_TC060.csv
TC056,Karen Organization of Minnesota,eligible,include_primary_universe,1,verified,yes,yes,nonprofit_community_based_org,yes,standalone_organization,"KOM's mission explicitly centers refugee and immigrant communities; the organization is refugee-led, serves over 2,000 refugees and immigrants annually, and serves clients living in the Twin Cities",https://mnkaren.org/about/,https://mnkaren.org/,,Strong inclusion case,eligibility_screening_batch_06_TC051_TC060.csv
TC057,Immigrant Law Center of Minnesota,eligible,include_primary_universe,1,verified,yes,yes,nonprofit_legal_aid_org,yes,standalone_organization,"ILCM is a St. Paul-based nonprofit providing free immigration legal representation, education, and advocacy for low-income immigrants and refugees in Minnesota",https://www.ilcm.org/mission-history,,,Strong inclusion case,eligibility_screening_batch_06_TC051_TC060.csv
TC058,Mid-Minnesota Legal Aid,eligible,include_primary_universe,1,verified,yes,yes,nonprofit_program,yes,program_under_parent_org,"Mid-Minnesota Legal Aid's Immigration Law Project provides immigration representation including citizenship, permanent residency, youth cases, survivor petitions, and deportation defense; Minnesota DHS also lists MMLA as a resettlement-network legal partner in Minneapolis",https://mylegalaid.org/how-we-help/immigration/,https://mn.gov/dhs/resettlement/program-overviews/,,Strong inclusion at Immigration Law Project level,eligibility_screening_batch_06_TC051_TC060.csv
TC059,Minnesota African Women Coalition,eligible,include_primary_universe,1,verified,yes,yes,nonprofit_community_based_org,yes,standalone_organization,"MNAWC identifies itself as an African immigrant-led 501(c)(3) community organization serving immigrant communities in the Minneapolis-Saint Paul Twin Cities through health, economic development, capacity building, and advocacy",https://www.mnawc.net/,https://www.mnawc.net/about,,Strong inclusion case,eligibility_screening_batch_06_TC051_TC060.csv
TC060,SEWA-AIFW,eligible,include_primary_universe,1,verified,yes,yes,nonprofit_community_based_org,yes,standalone_organization,"SEWA-AIFW is a Brooklyn Center 501(c)(3) rooted in South Asian communities and refugee needs, provides culturally specific services, runs programs for newly arrived Afghan families under refugee resettlement programs, and is listed by Minnesota DHS as a resettlement network partner",https://www.sewa-aifw.org/our-story,https://www.sewa-aifw.org/what-we-do,,Strong inclusion case,eligibility_screening_batch_06_TC051_TC060.csv
TC061,Ukrainian American Community Center,eligible,include_primary_universe,1,verified,yes,yes,nonprofit_community_center,yes,standalone_organization,"UACCMN is a Minneapolis-based nonprofit community center founded by Ukrainian immigrants. Its current mission explicitly includes empowering Ukrainian refugees, supporting integration of refugees and new immigrants, and providing refugee services; the official site reports more than 1,000 refugees served in 2023.",https://uaccmn.org/about/,https://uaccmn.org/,,Strong inclusion case,eligibility_screening_batch_07_TC061_TC070.csv
TC062,AVIVO,eligible,include_primary_universe,1,verified,yes,yes_at_program_level,nonprofit,yes,program_level_unit,"Avivo is a broad Minneapolis nonprofit, but Minnesota DHS currently lists it as a Resettlement Network Services partner, including Family Education Supports for people under humanitarian protection. Avivo also explicitly identifies new immigrants among priority populations in its employment services.",https://mn.gov/dhs/resettlement/provider-list/,https://avivomn.org/services/employment-services/,,Include at refugee/newcomer program level rather than treating the entire parent organization as immigration-focused,eligibility_screening_batch_07_TC061_TC070.csv
TC063,Afghan Cultural Society,eligible,include_primary_universe,1,verified,yes,yes,community_based_nonprofit,yes,standalone_organization,"Afghan Cultural Society is based in Minneapolis and explicitly serves Afghan diaspora/newcomer communities through peer-based resettlement support, family resource connectors, mental-health programs, education support, and cultural programming.",https://afghanculturalsociety.org/,https://mn.gov/dhs/resettlement/provider-list/,,Strong inclusion case,eligibility_screening_batch_07_TC061_TC070.csv
TC064,The Advocates for Human Rights,eligible,include_primary_universe,1,verified,yes,yes,nonprofit_legal_advocacy_org,yes,standalone_organization,"The Advocates for Human Rights is headquartered in Minneapolis and operates substantial migrant-rights and immigration legal work, including asylum representation, detained-immigrant assistance, trafficking and unaccompanied-minor cases, immigration policy advocacy, and current 2026 migrant-rights communications.",https://theadvocatesforhumanrights.org/,https://theadvocatesforhumanrights.org/Legal_Help/Asylum,,Strong inclusion case,eligibility_screening_batch_07_TC061_TC070.csv
TC065,Volunteer Lawyers Network,eligible,include_primary_universe,1,verified,yes,yes_at_program_level,nonprofit_legal_aid_org,yes,program_level_unit,"VLN is a Minneapolis 501(c)(3) providing civil legal aid across several areas, but it maintains a distinct immigration practice with immigration clinics, deportation-preparedness resources, know-your-rights materials, and Twin Cities immigration legal services.",https://www.vlnmn.org/volunteer/immigration/,https://www.vlnmn.org/help/,,Include at immigration-practice/program level rather than whole-organization level,eligibility_screening_batch_07_TC061_TC070.csv
TC066,United Cambodian Association of Minnesota (UCAM),eligible,include_primary_universe,1,verified,yes,yes,nonprofit_mutual_assistance_org,yes,standalone_organization,"UCAM is a Twin Cities nonprofit mutual-assistance organization formed from Cambodian/refugee organizations and dedicated to serving Cambodian immigrants, refugees, and other new Americans. Current Minnesota resource listings identify immigration advocacy and bilingual legal/benefits assistance.",https://www.ucam.info/,https://www.mn.gov/adresources/search/43085fe6-b8fd-53a8-aae7-683185e60be2/,,Strong inclusion case,eligibility_screening_batch_07_TC061_TC070.csv
TC067,Immigrant Connection - Waite Park,eligible,include_primary_universe,1,verified,yes,yes,faith_based_legal_program,yes,program_under_parent_org,"Immigrant Connection-Waite Park is a Minneapolis-based Department of Justice-recognized immigration legal-services program offering low-cost assistance with family petitions, naturalization, status adjustment, renewals, and related immigration matters.",https://www.waiteparkchurch.org/immigrant,https://www.waiteparkchurch.org/contact,,"Include the Immigrant Connection program as the communication unit, not Waite Park Church generally",eligibility_screening_batch_07_TC061_TC070.csv
TC068,Immigrant Connection Mosaic,eligible,include_primary_universe,1,verified,yes,yes,faith_based_legal_program,yes,program_under_parent_org,"Immigrant Connection Mosaic is a St. Paul Department of Justice-recognized nonprofit immigration legal-services program offering low-cost legal assistance, citizenship classes, status adjustment, family petitions, DACA, TPS, and related services.",https://www.mosaicstpaul.org/learn-more,,,Include IC Mosaic as the unit rather than Mosaic Christian Community generally,eligibility_screening_batch_07_TC061_TC070.csv
TC069,Hmong Cultural Center,eligible,include_primary_universe,1,verified,yes,yes,community_based_nonprofit,yes,standalone_organization,"Hmong Cultural Center in St. Paul has offered free classes to immigrants and refugees for more than twenty years, including citizenship, ESL, occupational English, and integration-oriented education.",https://www.hmongcc.org/adult-basic-education.html,,,Strong inclusion case,eligibility_screening_batch_07_TC061_TC070.csv
TC070,Hmong American Partnership,eligible,include_primary_universe,1,verified,yes,yes,nonprofit_community_development_org,yes,standalone_organization,"Hmong American Partnership was founded and is led by immigrants and refugees, serves tens of thousands of people annually, and explicitly states that it addresses the needs of immigrants and refugees across the Twin Cities through employment, education, community support, and other programs.",https://hmong.org/about-us/,https://hmong.org/hap-impact-areas/hap-academy-oic/employment-services/,,Strong inclusion case,eligibility_screening_batch_07_TC061_TC070.csv
TC071,Lao Assistance Center of Minnesota,eligible,include_primary_universe,1,verified,yes,yes,nonprofit_community_based_org,yes,standalone_organization,Lao Assistance Center of Minnesota is a Minneapolis 501(c)(3) serving Lao and Southeast Asian immigrant/refugee communities through culturally specific support and community services,https://www.laocenter.org/contact,https://www.laocenter.org/,,Strong inclusion case,eligibility_screening_batch_08_TC071_TC080.csv
TC072,Confederation of Somali Community in Minnesota,eligible,include_primary_universe,1,verified,yes,yes,community_based_org,yes,standalone_organization,"CSCM is based in Minneapolis, serves the Twin Cities Somali/East African community, supports newcomers, provides translation and immigration services, and is listed by Minnesota resources as serving immigrants and refugees",https://csc-mn.org/,https://mn.gov/adresources/search/874d1832-4f93-5bcc-9e44-21f279f5b0e7/,,Strong inclusion case,eligibility_screening_batch_08_TC071_TC080.csv
TC073,Center for Victims of Torture,eligible,include_primary_universe,1,verified,yes,yes,nonprofit,yes,standalone_organization,CVT is a St. Paul-based nonprofit serving torture survivors including refugees and asylum seekers; current 2026 statements document Minnesota-based asylum clients affected by immigration enforcement,https://www.cvt.org/,https://www.cvt.org/statements/four-cvt-clients-in-asylum-processes-have-been-detained-by-ice-and-flown-out-of-state/,,Strong inclusion case,eligibility_screening_batch_08_TC071_TC080.csv
TC074,COPAL - Communities Organizing Latine Power and Action,eligible,include_primary_universe,1,verified,yes,yes,nonprofit_community_org,yes,standalone_organization,"COPAL is a Minneapolis-centered Latine grassroots organization with explicit immigrant-worker organizing, immigration advocacy, and extensive public communication on immigration enforcement",https://copalmn.org/,https://copalmn.org/workers-center/,,Strong inclusion case,eligibility_screening_batch_08_TC071_TC080.csv
TC075,Unidos MN,eligible,include_primary_universe,1,verified,yes,yes,nonprofit_advocacy_org,yes,standalone_organization,"Unidos MN is an immigrant-led Minnesota organization rooted in the DREAMER and immigration-justice movements, with Minneapolis headquarters and major immigration-enforcement response work",https://unidos-mn.org/,https://unidos-mn.org/media,,Strong inclusion case,eligibility_screening_batch_08_TC071_TC080.csv
TC076,Minnesota Interfaith Coalition on Immigration (ICOM),eligible,include_primary_universe,1,verified,yes,yes,faith_based_nonprofit_or_network,yes,standalone_or_network_unit,"ICOM is headquartered in Minneapolis and explicitly organizes in solidarity with immigrants and refugees through advocacy, material aid, vigils, courtwatch, and anti-deportation work",https://mnicom.org/,,,Strong inclusion case; classify as faith-based coalition/network,eligibility_screening_batch_08_TC071_TC080.csv
TC077,ISAIAH,eligible,include_primary_universe,1,verified,yes,yes_at_campaign_level,faith_based_nonprofit_network,yes,immigrant_justice_campaign_within_broader_org,ISAIAH is a statewide faith-based organizing network with deep Twin Cities roots and a long-standing immigrant-justice agenda; immigration is one major campaign area within a broader multiracial justice organization,https://www.isaiahmn.org/our-story,https://isaiahmn.org/membership/,,Include at immigrant-justice campaign/communication level rather than assuming all ISAIAH communication is in scope,eligibility_screening_batch_08_TC071_TC080.csv
TC078,Jewish Community Action,eligible,include_primary_universe,1,verified,yes,yes_at_campaign_level,faith_based_nonprofit,yes,immigrant_justice_campaign_within_broader_org,"Jewish Community Action is based in St. Paul and lists immigrant justice as a core campaign, including organizing to keep families together and oppose deportation",https://www.jewishcommunityaction.org/our-mission,https://www.jewishcommunityaction.org/decriminalizing-communities,,Include at immigrant-justice campaign/communication level,eligibility_screening_batch_08_TC071_TC080.csv
TC079,Fe y Justicia MN,exclude,exclude,0,excluded,no,yes,nonprofit_community_based_org,yes,outside_geographic_scope,Fe y Justicia explicitly organizes working-class immigrants but is based in St. Cloud and describes its work as centered in Central Minnesota rather than the Twin Cities,https://www.feyjusticiamn.com/,,,Exclude under Twin Cities geographic criterion unless later evidence establishes substantial metro operation,eligibility_screening_batch_08_TC071_TC080.csv
TC080,Asamblea de Derechos Civiles,probably_eligible,include_primary_universe,1,provisional,probable,yes,faith_based_nonprofit,uncertain,needs_current_activity_verification,Historical Minnesota legislative records identify Asamblea de Derechos Civiles as a statewide faith-based nonprofit organizing predominantly Latino immigrants for immigration-system change; current organizational activity and Twin Cities communication presence during the study period need verification,https://www.house.mn.gov/dflpdf/6ce9d8c7-b939-4dab-a744-dc1fb08f4a6d.pdf,,,Retain provisionally pending current-status and study-period verification,eligibility_screening_batch_08_TC071_TC080.csv
TC081,Minnesota Immigrant Movement,eligible,include_primary_universe,1,verified,yes,yes,nonprofit_community_based_org,yes,standalone_organization,"Official site identifies Minnesota Immigrant Movement as a nonprofit working for social justice for immigrants, with a Minneapolis address and current community-support/advocacy activity",https://www.mimmn.org/,https://lims.minneapolismn.gov/Download/RCAV2/48835/MIM-Food-Vendor-Presentation.pdf,,Strong inclusion case,eligibility_screening_batch_09_TC081_TC084.csv
TC082,Coalition of Asian American Leaders (CAAL),eligible,include_primary_universe,1,verified,yes,yes_at_network_level,nonprofit_network,yes,standalone_network_unit,CAAL is a Minnesota Asian American leadership network and nonprofit with current direct support and advocacy tied to immigration enforcement impacts; 2026 testimony documents around-the-clock legal triage and family support during the enforcement surge,https://caalmn.org/,https://www.house.mn.gov/comm/docs/PLcSCaUVdUKhphfnEGbwng.pdf,,Include as a network-level communicating organization; immigration is not its only issue but was a major study-period activity,eligibility_screening_batch_09_TC081_TC084.csv
TC083,Navigate MN,duplicate_alias,merge_not_independent_unit,0,merged,yes,yes,nonprofit_advocacy_org,yes,merge_with_TC075,Navigate MN is the former name of Unidos MN; do not count as a separate organizational unit,https://www.linkedin.com/company/unidos-mn,https://mn.gov/mcla/about-us/board/members/juventino-meza.jsp,,Merge with Unidos MN / TC075 in deduplicated universe,eligibility_screening_batch_09_TC081_TC084.csv
TC084,Minnesota Immigrant Rights Action Committee (MIRAC),eligible,include_primary_universe,1,verified,yes,yes,grassroots_volunteer_org,yes,standalone_organization,"MIRAC describes itself as an all-volunteer grassroots multiracial immigrant-rights organization fighting raids, deportations, and anti-immigrant laws; current 2026 campaigns address Operation Metro Surge and sanctuary-state demands",https://www.miracmn.com/,https://www.miracmn.com/current-campaigns,,Strong inclusion case and strong communication-data candidate,eligibility_screening_batch_09_TC081_TC084.csv
D1-01,Voice in the Wilderness Organization,eligible,include_primary_universe,1,verified,yes,yes,nonprofit_community_based_org,yes,standalone_organization,VWO is a refugee-founded nonprofit community-based organization created in Minneapolis to provide settlement and integration services to Congolese refugees in Minnesota,https://www.voiceinthew.org/,https://www.voiceinthew.org/about-us,Official website exists; social channels should be inventoried in platform audit,Strong inclusion case,eligibility_screening_batch_10_D1_state_resettlement_legal.csv
D1-02,CHW Solutions,exclude,exclude,0,excluded,yes,yes,private_llc,yes,organizational_form_mismatch,"CHW Solutions is based in St. Paul and is Minnesota's lead Refugee Health Promotion provider, but its own legal notice identifies the company as CHW Solutions LLC rather than a nonprofit/civil-society organization",https://chwsolutions.com/refugee-resettlement-program/,https://chwsolutions.com/privacy-policy/,"Official website is active, but exclusion is based on organizational form rather than communication availability",Exclude under study's nonprofit/civil-society organizational-form criterion,eligibility_screening_batch_10_D1_state_resettlement_legal.csv
D1-03,ESHARA - Ethnic Self-Help Alliance for Refugee Assistance,exclude,exclude,0,excluded,no,yes,nonprofit_or_community_based_org,yes,outside_geographic_scope,"ESHARA explicitly serves New American immigrants and refugees, but its current offices and reported 2024 service footprint are Fargo-Moorhead; its Minnesota office is in Moorhead, outside the Twin Cities",https://www.eshara.org/,https://www.eshara.org/whoweare,"Website and social presence appear active; exclude geographically, not for lack of communication",Exclude under Twin Cities geographic criterion,eligibility_screening_batch_10_D1_state_resettlement_legal.csv
D1-04,Center for African Immigrants and Refugees Organization (CAIRO),exclude,exclude,0,excluded,no,yes,nonprofit_community_based_org,yes,outside_geographic_scope,"CAIRO explicitly serves African immigrants and refugees, but its mission and Minnesota DHS listings place its work in Central Minnesota/St. Cloud rather than the Twin Cities",https://cairomn.org/core-values/,https://mn.gov/dhs/resettlement/program-overviews/,"Likely active communication channels, but outside geographic universe",Exclude under Twin Cities geographic criterion,eligibility_screening_batch_10_D1_state_resettlement_legal.csv
D1-05,Intercultural Mutual Assistance Association (IMAA),exclude,exclude,0,excluded,no,yes,nonprofit,yes,outside_geographic_scope,"IMAA is a strong immigrant/refugee-serving nonprofit, but its stated service area is southeast Minnesota and its operational base is Rochester rather than the Twin Cities",https://imaa.net/,https://mn.gov/dhs/resettlement/provider-list/,Official website active; exclude geographically,Exclude under Twin Cities geographic criterion,eligibility_screening_batch_10_D1_state_resettlement_legal.csv
D1-06,CAPLP - Lakes & Prairies Community Action Partnership,exclude,exclude,0,excluded,no,yes,nonprofit_community_action_agency,yes,outside_geographic_scope,"CAPLP holds Minnesota refugee-support funding and is a state resettlement partner, but Minnesota DHS lists its refugee-network location as Moorhead",https://mn.gov/dhs/resettlement/program-overviews/,https://mn.gov/dhs-stat/active-grant-contracts/Lakes_and_Prairies_Community_Action_Partnersh_Contract_258182.pdf,Communication availability to assess only if geographic rule changes,Exclude under Twin Cities geographic criterion,eligibility_screening_batch_10_D1_state_resettlement_legal.csv
D1-07,United Community Action Partnership (UCAP),exclude,exclude,0,excluded,no,yes,nonprofit_community_action_agency,yes,outside_geographic_scope,"UCAP provides refugee services, but its refugee program operates from Marshall and Willmar and its service area is southwest/west-central Minnesota, not the Twin Cities",https://www.unitedcapmn.org/programs/community-family-services/refugee-services/,https://www.unitedcapmn.org/contact/,Official website active; exclude geographically,Exclude under Twin Cities geographic criterion,eligibility_screening_batch_10_D1_state_resettlement_legal.csv
D1-08,Southwest Minnesota Private Industry Council (SWMNPIC),exclude,exclude,0,excluded,no,yes_at_program_level,nonprofit_workforce_org,yes,outside_geographic_scope,"SWMNPIC participates in Minnesota refugee employment/career supports, but its offices are in Marshall, Montevideo, and Worthington and its mission is focused on southwest Minnesota",https://www.swmnpic.org/,https://mn.gov/dhs/resettlement/provider-list/,"Social and web channels exist, but outside geographic universe",Exclude under Twin Cities geographic criterion,eligibility_screening_batch_10_D1_state_resettlement_legal.csv
D1-09,Southern Minnesota Regional Legal Services (SMRLS),eligible,include_primary_universe,1,verified,yes,yes,nonprofit_legal_aid_org,yes,refugee_immigration_program_within_broader_org,"SMRLS has administrative and Refugee & Immigration Services offices in St. Paul, serves the east and south metropolitan area, and provides dedicated immigration legal services to refugees and immigrants",https://www.smrls.org/locations,https://www.smrls.org/legal-resources-refugee-and-immigrant-services,Official website has dedicated refugee/immigration pages; social channels should be audited separately,Include at Refugee & Immigration Services/program communication level rather than all SMRLS content,eligibility_screening_batch_10_D1_state_resettlement_legal.csv
D2-01,ACLU of Minnesota,eligible,include_primary_universe,1,verified,yes,yes_at_campaign_level,nonprofit_civil_liberties_org,yes,immigrant_rights_campaign_within_broader_org,"ACLU of Minnesota is a Minneapolis-based civil-liberties nonprofit with major 2026 immigration-enforcement litigation and public advocacy, including a January 2026 class action challenging ICE/CBP stops and arrests in Minnesota",https://www.aclu-mn.org/,https://www.aclu.org/press-releases/aclu-sues-federal-government-to-end-ice-cbps-practice-of-suspicionless-stops-warrantless-arrests-and-racial-profiling-of-minnesotans,Strong website/media archive likely; audit only immigration/enforcement-related content,"Include at immigrant-rights campaign/communication level, not all ACLU-MN content",eligibility_screening_batch_11_D2_advocacy_networks.csv
D2-02,MN8 / Release MN8,eligible,include_primary_universe,1,verified,yes,yes,community_based_advocacy_org,yes,standalone_organization,"Minnesota immigration-resource directories describe Release MN8 as an organization fighting detention and deportation in Southeast Asian communities and providing direct family support, organizing, and leadership development",https://www.miracmn.com/resources,https://www.house.mn.gov/Caucus/View/DFL/41084,Likely social-media-centered; later audit official website/social account continuity during study period,Strong inclusion case,eligibility_screening_batch_11_D2_advocacy_networks.csv
D2-03,Ayada Leads,eligible,include_primary_universe,1,verified,yes,yes,nonprofit,yes,standalone_organization,"Ayada Leads is a Minneapolis nonprofit whose mission centers New Americans, particularly African Diaspora women, and its current public resource hub includes immigrant resources and ICE-related advocacy content",https://www.ayadaleads.org/career,https://linktr.ee/AyadaLeads,Very strong multi-platform presence including Facebook Instagram TikTok YouTube and X; promising communication-data candidate,Immigration is part of a broader civic-leadership mission but New Americans are an explicit core public,eligibility_screening_batch_11_D2_advocacy_networks.csv
D2-04,Black Immigrant Collective,eligible,include_primary_universe,1,verified,yes,yes,community_based_advocacy_org,yes,standalone_organization,"Black Immigrant Collective is a Minneapolis/Minnesota Black-led immigrant organization focused on the intersection of Blackness and immigration, including detention/deportation defense, policy, legal clinics, mutual aid, and resource sharing",https://actionnetwork.org/groups/black-immigrant-collective,https://www.miracmn.com/resources,Communication may be distributed across Action Network and social channels; later platform audit needed,Strong inclusion case,eligibility_screening_batch_11_D2_advocacy_networks.csv
D2-05,CAIR-Minnesota,eligible,include_primary_universe,1,verified,yes,yes_at_campaign_level,nonprofit_civil_rights_org,yes,immigrant_rights_campaign_within_broader_org,"CAIR-Minnesota is a Minneapolis grassroots civil-rights organization serving Muslim and marginalized communities and currently provides multilingual ICE know-your-rights resources, legal referrals, trainings, and family support",https://cairmn.org/,https://cairmn.org/know-your-rights/ice/,Excellent web/video resource archive; audit enforcement-related communication only,Include at immigration/ICE civil-rights communication level rather than all CAIR-MN content,eligibility_screening_batch_11_D2_advocacy_networks.csv
D2-06,Inquilinxs Unidxs por Justicia / United Renters for Justice,probably_eligible,include_primary_universe,1,provisional,yes,yes_but_not_exclusive,nonprofit_tenant_org,yes,broad_mission_with_explicit_immigrant_constituency,"IX is an active Minneapolis 501(c)(3) tenant-organizing organization; its mission is housing justice broadly, but its organizing materials explicitly identify working-class BIPOC and immigrant renters in North and South Minneapolis as a core constituency",https://www.inquilinxsunidxs.org/en/about,https://www.inquilinxsunidxs.org/our-work,Website has dated announcements and social-media links; likely auditable,"Retain provisionally; final inclusion should depend on whether immigrant/enforcement communication during study period is organizationally meaningful, without using that content as the first eligibility gate",eligibility_screening_batch_11_D2_advocacy_networks.csv
D2-07,Groundwork Legal,eligible,include_primary_universe,1,verified,yes,yes,nonprofit_legal_aid_org,yes,standalone_organization,"Groundwork Legal is a Minnesota legal nonprofit with extensive study-period litigation and public communication concerning ICE detention, asylum seekers, and immigrant families in Minneapolis/St. Paul",https://groundworklegal.org/,https://groundworklegal.org/news/father-release,Strong dated press-release/news archive; excellent communication-data candidate,Strong inclusion case,eligibility_screening_batch_11_D2_advocacy_networks.csv
D2-08,Defend the 612,eligible,include_primary_universe,1,verified,yes,yes,grassroots_network,yes,standalone_network_unit,Defend the 612 operates a Minneapolis neighborhood-based ICE Watch rapid-response network and publicly recruits participants into neighborhood sanctuary and federal-enforcement monitoring groups,https://actionnetwork.org/forms/defend-the-612-3,,"Likely communication dispersed across Action Network, trainings, social platforms and possibly nonpublic messaging; later audit must distinguish public retrievable content from private Signal communications",Include as grassroots/network organizational unit; do not collect private-group communications,eligibility_screening_batch_11_D2_advocacy_networks.csv
D2-09,Monarca,duplicate_program_candidate,merge_not_independent_unit,0,merged,yes,yes,program,yes,merge_with_TC075,Discovery evidence indicates Monarca functions as an immigrant rapid-response initiative associated with Unidos MN rather than a separate standalone organization,,,"If Monarca-branded public communications exist, preserve them as program-level items attributed to Unidos MN",Do not count as separate organizational unit pending final parent-program verification,eligibility_screening_batch_11_D2_advocacy_networks.csv
D2-10,Immigrant Defense Network,eligible,include_primary_universe,1,verified,yes,yes,coalition_network,yes,standalone_network_unit,"Established in 2025, IDN is a Minnesota network of 90+ immigrant, labor, legal, faith, and community organizations focused on immigrant rights, rapid response, legal support referrals, public education, demonstrations, and narrative change",https://immigrantdefensenetwork.org/,https://www.house.mn.gov/Caucus/View/DFL/41084,Current website has resources/events and explicit narrative/public communication functions; strong study candidate,Include as network-level communicating organization even though member organizations may also appear separately,eligibility_screening_batch_11_D2_advocacy_networks.csv
D3-01,Community Services Agency of Minnesota (COMSA-MN),eligible,include_primary_universe,1,verified,yes,yes,nonprofit_community_based_org,yes,standalone_organization,"COMSA-MN is a 501(c)(3) established by refugees for refugees and immigrants in the Twin Cities and provides settlement, language, employment, legal, integration, health and emergency-support services",https://comsamn.org/,https://comsamn.org/who-we-are,Official website exists; later inventory dated posts and social channels,Strong inclusion case,eligibility_screening_batch_12_D3_faith_ethnocultural_part1.csv
D3-02,Southeast Asian Diaspora Project (SEAD),eligible,include_primary_universe,1,verified,yes,yes,nonprofit_cultural_community_org,yes,standalone_organization,"SEAD is an active Minneapolis charity serving Khmer, Hmong, Lao and Vietnamese diaspora communities; 2025-26 projects explicitly document 50 years of Southeast Asian migration and community experience in Minnesota",https://www.ag.state.mn.us/charity/Search/CHR_GeneralInfo.asp?FederalID=474088420&Yr=CURR&cmdSearch=View,https://www.lrl.mn.gov/docs/2026/mandated/260254.pdf,Likely rich storytelling and digital-content presence; audit official website/social channels,Eligible under immigrant-origin/diaspora community criterion,eligibility_screening_batch_12_D3_faith_ethnocultural_part1.csv
D3-03,Bhutanese Community Organization of Minnesota,eligible,include_primary_universe,1,verified,yes,yes,community_based_org,yes,standalone_organization,"BCOM serves the Twin Cities metro and explicitly specializes in refugees and immigrants, including Bhutanese refugee elders, English/citizenship classes, benefits help and community services",https://mn.gov/adresources/search/161bc9e2-415c-5719-8611-422995e8801c/?entry=search_card,https://helpmeconnect.web.health.state.mn.us/HelpMeConnect/Search/FamilyWell-BeingandMentalHealth/ProgramsForSpecificPopulations/CulturalOrganizations,Official website exists; later assess study-period content retrieval,Strong inclusion case,eligibility_screening_batch_12_D3_faith_ethnocultural_part1.csv
D3-04,Asian Women United of Minnesota,eligible,include_primary_universe,1,verified,yes,yes_at_culturally_specific_level,nonprofit,yes,standalone_organization,"AWUM is a Minneapolis/Twin Cities nonprofit created to serve Asian Pacific Islander women and families; current mission is domestic-violence focused and multilingual, while Minnesota cultural-provider records also document immigration assistance",https://www.awum.org/mission,https://mn.gov/dhs/assets/cultural-providers-resource-list_tcm1053-413784.pdf,Website has news archive and Facebook link; later determine whether immigration-enforcement communication exists,"Include under culturally specific immigrant-origin community criterion, while noting immigration is not its sole mission",eligibility_screening_batch_12_D3_faith_ethnocultural_part1.csv
D3-05,India Association of Minnesota,eligible,include_primary_universe,1,verified,yes,yes_at_immigrant_origin_community_level,nonprofit,yes,standalone_organization,"IAM is a St. Paul-based 501(c)(3) representing Minnesota's Asian Indian community, with cultural, civic, outreach and government-relations functions; current 2026 site includes immigration-policy town-hall content",https://iamn.org/about/,https://iamn.org/,Strong dated news archive; promising for later communication audit,Eligible under identifiable immigrant-origin community criterion,eligibility_screening_batch_12_D3_faith_ethnocultural_part1.csv
D3-06,Fil-Minnesotan Association,probably_eligible,include_primary_universe,1,provisional,yes,yes_at_immigrant_origin_community_level,nonprofit,probable,needs_current_activity_verification,"FMA is a longstanding Plymouth/Twin Cities Filipino American nonprofit focused on education, culture and youth leadership and remains represented in the Philippine Center of Minnesota governance network",https://www.mnhs.org/mnopedia/search/index/group/fil-minnesotan-association,https://www.philcentermn.org/meet-the-team,Need verify independent public communication activity during 2025-26,Retain provisionally pending current organizational and communication-status verification,eligibility_screening_batch_12_D3_faith_ethnocultural_part1.csv
D3-07,Cultural Society of Filipino Americans,probably_eligible,include_primary_universe,1,provisional,probable,yes_at_immigrant_origin_community_level,community_cultural_org,probable,needs_current_activity_verification,"CSFA remains represented as an organizational member of the Philippine Center of Minnesota and serves the Filipino American cultural community, but current independent organizational/public-channel evidence still needs verification",https://www.philcentermn.org/meet-the-team,,Later verify independent website/social accounts and study-period activity,Retain provisionally,eligibility_screening_batch_12_D3_faith_ethnocultural_part1.csv
D3-08,Chinese American Association of Minnesota,probably_eligible,include_primary_universe,1,provisional,probable,yes_at_immigrant_origin_community_level,community_cultural_org,unknown,needs_current_activity_verification,"Identified through the Council on Asian Pacific Minnesotans discovery process as a Minnesota Chinese community organization; current independent organizational status, Twin Cities base and public communication activity require confirmation",,,Website/social status must be verified,Retain in frame pending verification; do not exclude based on limited discovery evidence,eligibility_screening_batch_12_D3_faith_ethnocultural_part1.csv
D3-09,The Urban Village,eligible,include_primary_universe,1,verified,yes,yes,nonprofit_or_community_based_org,yes,standalone_organization,"The Urban Village is a St. Paul Karen and Karenni community space supporting culturally relevant youth/community programming, advocacy and solidarity; 2026 state materials identify its co-director as a founder of a Karen/Karenni rapid-response team during Operation Metro Surge/PARRIS",https://www.theurbanvillage.org/ourvillage,https://mn.gov/capm/community/heritagemonth/2026/2026.jsp,Official site exists; rapid-response activity makes later social/web audit especially important,Strong inclusion case,eligibility_screening_batch_12_D3_faith_ethnocultural_part1.csv
D3-10,Korean Association of Minnesota,probably_eligible,include_primary_universe,1,provisional,probable,yes_at_immigrant_origin_community_level,community_cultural_org,unknown,needs_current_activity_verification,"Identified through the Council on Asian Pacific Minnesotans as a Korean community organization in Minnesota, but current Twin Cities base, independent organizational status and 2025-26 public communication need verification",,,Website/social presence must be verified,Retain provisionally,eligibility_screening_batch_12_D3_faith_ethnocultural_part1.csv
D3-11,Association of Nepalis in Minnesota,eligible,include_primary_universe,1,verified,yes,yes_at_immigrant_origin_community_level,nonprofit,yes,standalone_organization,"ANMN was formed by Nepalis in the Twin Cities, is a 501(c)(3), and maintains an active 2025-26 community calendar, board records and annual reports supporting the Nepali community in Minnesota",https://anmn.org/about-us/,https://anmn.org/our-story/,Excellent organizational archive and current website; audit enforcement-related content later,Strong inclusion under immigrant-origin community criterion,eligibility_screening_batch_12_D3_faith_ethnocultural_part1.csv
D3-12,Tibetan American Foundation of Minnesota,eligible,include_primary_universe,1,verified,yes,yes,nonprofit,yes,standalone_organization,"TAFM is a 501(c)(3) founded to support Tibetan immigrant resettlement in Minnesota, has a St. Paul site and social-service functions, and posted a 2026 immigration-assistance program",https://tafm.org/about-us/,https://tafm.org/,Strong current website/news archive; excellent candidate for study-period audit,Strong inclusion case,eligibility_screening_batch_12_D3_faith_ethnocultural_part1.csv
D3-13,Vietnamese Community of Minnesota,eligible,include_primary_universe,1,verified,yes,yes,nonprofit_community_based_org,yes,standalone_organization,"VCM is a New Brighton/Twin Cities 501(c)(3) founded by first-wave Vietnamese refugees and now serves the Vietnamese community through social service, cultural, advocacy, outreach and community-development work",https://vietnam-minnesota.org/our-history/,https://vietnam-minnesota.org/,Current website has 2026 announcements and community programming; audit social channels and immigration/enforcement content,Strong inclusion case,eligibility_screening_batch_13_D3_faith_ethnocultural_part2.csv
D3-14,LatinoLEAD,eligible,include_primary_universe,1,verified,yes,yes_at_immigrant_origin_community_level,nonprofit_network,yes,standalone_network_unit,LatinoLEAD is a St. Paul nonprofit network of Latine leaders with civic and policy advocacy functions; its current materials acknowledge immigration hurdles affecting community stability and leadership,https://www.latinoleadmn.org/,https://www.givemn.org/organization/Latinolead,Current website/newsletter/social channels likely auditable,Include under immigrant-origin community/network criterion; immigration is one issue within a broader leadership mission,eligibility_screening_batch_13_D3_faith_ethnocultural_part2.csv
D3-15,Hispanic Advocacy and Community Empowerment through Research (HACER),eligible,include_primary_universe,1,verified,yes,yes_at_immigrant_origin_community_level,nonprofit_research_advocacy_org,yes,standalone_organization,"HACER is a Latino-led advocacy-driven research organization serving Latino Minnesotans through research, community action and policy work, with research interests including immigration and cultural integration",https://hacer-mn.org/,https://hacer-mn.org/mission-vision/,Active website and social media; later audit study-period immigration/enforcement communication,Eligible under immigrant-origin community and advocacy/research criterion,eligibility_screening_batch_13_D3_faith_ethnocultural_part2.csv
D3-16,Latino Economic Development Center (LEDC),eligible,include_primary_universe,1,verified,yes,yes_at_immigrant_origin_community_level,nonprofit_cdfi,yes,standalone_organization,LEDC is an active St. Paul/Minneapolis Latino-focused nonprofit CDFI whose mission is to create economic opportunities for Latinos and strengthen Latino communities,https://www.ledcmn.org/about/,https://www.ag.state.mn.us/Charity/Search/CHR_GeneralInfo.asp?FederalID=510467167&Yr=CURR&cmdSearch=View,Current news and event pages exist; audit whether enforcement-related communication occurred,Eligible under immigrant-origin/economic-development criterion,eligibility_screening_batch_13_D3_faith_ethnocultural_part2.csv
D3-17,Alliance of Chicanos Hispanics and Latin Americans (ACHLA),exclude,exclude,0,excluded,no,yes,nonprofit_community_based_org,yes,outside_geographic_scope,"ACHLA explicitly supports migrant and immigrant families, but its current site identifies its base and service area as Rochester and southeastern Minnesota rather than the Twin Cities",https://www.achla-mn.org/,https://www.achla-mn.org/about,Active website but outside geographic universe,Exclude under Twin Cities geographic criterion,eligibility_screening_batch_13_D3_faith_ethnocultural_part2.csv
D3-18,Asian Media Access,eligible,include_primary_universe,1,verified,yes,yes,nonprofit_media_community_org,yes,standalone_organization,Asian Media Access is a Minneapolis nonprofit with a St. Paul presence whose RICE and community programs serve immigrant/refugee communities; its 2026 'Calling America HOME' series explicitly centers immigrant and refugee experiences in Minnesota,https://ww1.amamedia.org/,https://ww1.amamedia.org/calling-america-home-series-culture-of-care/,Exceptionally relevant communication organization with web/social/media production; strong candidate for later content audit,Strong inclusion case,eligibility_screening_batch_13_D3_faith_ethnocultural_part2.csv
D3-19,Minnesota Hmong Chamber of Commerce,probably_eligible,include_primary_universe,1,provisional,yes,yes_at_immigrant_origin_community_level,community_business_org_to_verify,yes,organizational_form_to_verify,"The Minnesota Hmong Chamber is based in St. Paul and explicitly serves and advocates for the Hmong business community, but nonprofit/civil-society legal form should be verified before final lock",https://mnhmongchamber.org/,,Active website; later audit public communication if organizational form is confirmed,Retain provisionally under immigrant-origin economic/community criterion,eligibility_screening_batch_13_D3_faith_ethnocultural_part2.csv
D3-20,MN Zej Zog,eligible,include_primary_universe,1,verified,yes,yes,community_based_org,yes,standalone_organization,"MN Zej Zog is based in Brooklyn Park and explicitly supports Hmong community empowerment, language preservation, educators, youth, cultural connection and grassroots initiatives",https://mnzejzog.org/,,Active website/events; social channels should be inventoried later,Strong inclusion under immigrant-origin community criterion,eligibility_screening_batch_13_D3_faith_ethnocultural_part2.csv
D3-21,Roseville Covenant Church - Good Neighbor refugee ministry,probably_eligible,include_primary_universe,1,provisional,yes,yes_at_program_level,faith_based_program,yes,program_unit_to_review,"Roseville Covenant documents recurring refugee-support work and a Good Neighbor Team in 2025 committed to walking alongside a refugee family for one year, overlapping the study period",https://www.rosevillecovenant.org/outreach,,Later determine whether the Good Neighbor ministry had its own sustained public communication during Oct 2025-Mar 2026,Retain provisionally as a program-level faith candidate; do not count church-wide communication automatically,eligibility_screening_batch_13_D3_faith_ethnocultural_part2.csv
D3-22,Church of St. Leonard of Port Maurice - refugee co-sponsorship,exclude,exclude,0,excluded,yes,historical_only,faith_congregation,no_current_program_evidence,one_off_historical_program,"Available evidence documents a joint refugee-family co-sponsorship with Holy Name in 2018, but no sustained immigrant/refugee program or study-period activity has been established",https://mnchurches.org/creating-perfect-blend,,No basis yet for a study-period communication audit as a distinct immigrant-serving program,Exclude unless newer 2025-26 program evidence emerges,eligibility_screening_batch_13_D3_faith_ethnocultural_part2.csv
D3-23,Church of the Holy Name - refugee co-sponsorship,exclude,exclude,0,excluded,yes,historical_only,faith_congregation,no_current_program_evidence,one_off_historical_program,"Available evidence documents a joint refugee-family co-sponsorship with St. Leonard in 2018, but no sustained immigrant/refugee program or study-period activity has been established",https://mnchurches.org/creating-perfect-blend,,No basis yet for a study-period communication audit as a distinct immigrant-serving program,Exclude unless newer 2025-26 program evidence emerges,eligibility_screening_batch_13_D3_faith_ethnocultural_part2.csv
D4-01,Ethiopian Community in Minnesota,eligible,include_primary_universe,1,verified,yes,yes,community_based_org,yes,standalone_organization,"ECM is based in St. Paul and has served Minnesota's Ethiopian community since 1995 through translation, advocacy, job counseling, housing help, civic engagement and cultural programs",https://ethiopiancommunitymn.org/about/,https://ethiopiancommunitymn.org/contact/,Official website and Facebook presence documented; strong candidate for later communication audit,Strong inclusion under immigrant-origin community criterion,eligibility_screening_batch_14_D4_mdh_community.csv
D4-02,Organization of Liberians in Minnesota,eligible,include_primary_universe,1,verified,yes,yes,nonprofit_community_based_org,yes,standalone_organization,"OLM is a Brooklyn Park/Minneapolis-area 501(c)(3) serving Liberian and other African immigrant communities through education, housing, health, employment, workforce and other social services",https://www.olmbp.org/,https://www.olmbp.org/aboutolm,Current website active; later inventory social platforms and study-period posts,Strong inclusion case,eligibility_screening_batch_14_D4_mdh_community.csv
D4-03,Lao Family Community of Minnesota,eligible,include_primary_universe,1,verified,yes,yes,nonprofit_mutual_assistance_org,yes,standalone_organization,Lao Family Community is a St. Paul nonprofit mutual-assistance association founded in 1977 whose mission explicitly supports Hmong Americans and other immigrant and refugee populations,https://www.laofamilycommunity.org/about/,https://www.laofamilycommunity.org/,Official website active; later audit social/public content,Strong inclusion case; distinct from Lao Assistance Center of Minnesota,eligibility_screening_batch_14_D4_mdh_community.csv
D4-04,Sub-Saharan African Youth and Family Services in Minnesota (SAYFSM),probably_eligible,include_primary_universe,1,provisional,yes,yes_at_immigrant_origin_community_level,nonprofit,yes,standalone_organization,"SAYFSM is a Minnesota 501(c)(3) serving Sub-Saharan African youth and families through culturally responsive health and human-service outreach, but current public materials are less explicit about immigrant/refugee status than some other candidates",https://www.sayfsm.org/,,Website exists; later verify study-period public communication and explicit immigrant/refugee constituency,Retain provisionally under immigrant-origin community criterion,eligibility_screening_batch_14_D4_mdh_community.csv
D4-05,Vietnamese Social Services of Minnesota,eligible,include_primary_universe,1,verified,yes,yes,nonprofit_direct_service_org,yes,standalone_organization,VSSMN is a St. Paul direct-service organization explicitly serving low-income immigrant and refugee families throughout the seven-county Twin Cities metro; Vietnamese and Karen refugees/immigrants comprise most participants,https://www.vssmn.org/,https://www.vssmn.org/contact-us.html,Current website active; strong platform-audit candidate,Strong inclusion case,eligibility_screening_batch_14_D4_mdh_community.csv
D4-06,Restoration for All Inc.,eligible,include_primary_universe,1,verified,yes,yes,nonprofit_cultural_community_org,yes,standalone_organization,"Restoration for All is an Inver Grove Heights cultural-community organization serving the Twin Cities metro and specializing in immigrants, refugees, and African communities; 2025-26 state funding also targets culturally relevant services for African immigrant and refugee communities",https://helpmeconnect.web.health.state.mn.us/HelpMeConnect/Providers/Restoration_for_All%2C_Inc./Cultural_Community_Organization/1,https://www.revisor.mn.gov/bills/94/2025/0/SF/2031/versions/latest/,Official website is listed by state directory; later audit public communication channels,Strong inclusion case,eligibility_screening_batch_14_D4_mdh_community.csv
D4-07,Somali Parent Academy,eligible,include_primary_universe,1,verified,yes,yes,community_based_nonprofit_or_org,yes,standalone_organization,"Somali Parent Academy states that it uplifts immigrant families from the Horn of Africa in Minnesota through education, economic support, advocacy and community-driven programs",https://somaliparentacademy.com/,,Current 2026 website active; later inventory social channels and dated content,Strong inclusion case,eligibility_screening_batch_14_D4_mdh_community.csv
D4-08,Hmong Shaman & Herb Center,probably_eligible,include_primary_universe,1,provisional,yes,yes_at_immigrant_origin_community_level,community_cultural_health_org_to_verify,yes,organizational_form_to_verify,Minnesota Department of Health identifies the Hmong Shaman & Herb Center as a Ramsey County grantee working across the Twin Cities to address health inequities in the Hmong population and integrate culturally specific Hmong healing practices,https://www.health.state.mn.us/communities/practice/equityengage/networks/grantees.html,,Need identify official website/social accounts and confirm organizational legal form before final lock,Retain provisionally,eligibility_screening_batch_14_D4_mdh_community.csv
D4-09,African Growers and Producers Alliance (AGAPA),probably_eligible,include_primary_universe,1,provisional,substantial_metro_activity,yes,nonprofit,yes,geographic_scope_to_verify,"AGAPA is a Black-led Minnesota nonprofit for farmers of African descent; MDH describes metro-region work with African immigrant farmers, although its home location is Isanti County",https://www.health.mn.gov/communities/equity/networks/grantees.html,https://www.lrl.mn.gov/archive/minutes/senate/2022/Finag/20220328/FinAg_20220328_AGAPA-Brochure.pdf,Need verify independent website/social channels and how much study-period communication was metro-focused,Retain provisionally because substantial Twin Cities operation appears plausible despite non-metro home base,eligibility_screening_batch_14_D4_mdh_community.csv
D4-10,Legacy Family Center,eligible,include_primary_universe,1,verified,yes,yes,nonprofit,yes,standalone_organization,"Legacy Family Center is a 501(c)(3) founded by West African immigrant/refugee mothers in Brooklyn Park/Brooklyn Center and explicitly serves West African refugee and immigrant families through education, workforce, wellness and social-service navigation",https://www.legacyfamilycentermn.org/,https://www.legacyfamilycentermn.org/about,Official website and newsletter sign-up active; strong candidate for platform audit,Strong inclusion case,eligibility_screening_batch_14_D4_mdh_community.csv
D4-11,Care Resource Connection,probably_eligible,include_primary_universe,1,provisional,probable,uncertain,organization_form_to_verify,probable,needs_more_verification,"CARE Resource Connection appears in Minnesota public-health/caregiving resource systems and has participated in state public-health programming, but current evidence does not yet establish that immigrants/refugees are a substantial organizational public or clarify organizational form",https://mn.gov/dhs/age-friendly-mn/blueprint/data/,https://www.americorps.gov/sites/default/files/upload/state_profiles/pdf_2024/MN_SrvLoc.pdf,Official communication channels and immigrant/refugee programming must be verified,Retain provisionally rather than exclude on incomplete evidence,eligibility_screening_batch_14_D4_mdh_community.csv
D4-12,Power of People Leadership Institute,exclude,exclude,0,excluded,yes,no_or_not_established,nonprofit_or_community_org,yes,broad_youth_leadership_org,"The Power of People Leadership Institute is an active Minneapolis youth and leadership organization with mentoring and international/community programs, but current public materials do not establish immigrants/refugees as an explicit or substantial organizational public",https://www.popinstitute.org/,,"Website active, but exclusion is based on population relevance rather than communication availability",Exclude under immigrant/refugee relevance criterion unless stronger study-period evidence emerges,eligibility_screening_batch_14_D4_mdh_community.csv
