org_id,organization,corpus_presence,analysis_scope,legacy_role_seed_primary,legacy_role_seed_secondary,typology_status,typology_confidence,notes
TC054,Alight,verified_corpus,include,service,advocacy,provisional_needs_org_level_verification,low,"Seeded from existing item-level role coding; verify against official mission/program evidence."
TC073,Center for Victims of Torture,verified_corpus,include,service,advocacy,provisional_needs_org_level_verification,low,"Do not infer organizational role from crisis items alone."
TC041,International Institute of Minnesota,verified_corpus,include,service,education,provisional_needs_org_level_verification,low,"Likely multi-role service/education/resettlement institution; official evidence required."
TC064,The Advocates for Human Rights,verified_corpus,include,advocacy,legal,provisional_needs_org_level_verification,low,"Rights/legal role requires organization-level verification."
TC057,Immigrant Law Center of Minnesota,verified_corpus,include,legal,advocacy,provisional_needs_org_level_verification,low,"Legal services and advocacy dimensions should be scored separately."
TC074,COPAL,verified_corpus,include,advocacy,ethnocultural,provisional_needs_org_level_verification,low,"Likely community-rooted advocacy hybrid; verify constituency/governance evidence."
TC075,Unidos MN,verified_corpus,include,advocacy,ethnocultural,provisional_needs_org_level_verification,low,"Navigate MN alias and Monarca program must remain merged at organization level."
TC028,African Career Education and Resources Inc. (ACER),verified_corpus,include,service,advocacy,provisional_needs_org_level_verification,low,"Potential community/service/advocacy hybrid."
D2-01,ACLU of Minnesota,verified_corpus,include,advocacy,legal,provisional_needs_org_level_verification,low,"Classify from official institutional mission rather than immigration-specific posts."
TC042,Isuroon,verified_corpus,include,ethnocultural,service,provisional_needs_org_level_verification,low,"Community rootedness likely important; verify governance/constituency evidence."
TC058,Mid-Minnesota Legal Aid,verified_corpus,include,legal,service,provisional_needs_org_level_verification,low,"Legal/direct-service dimensions should remain distinct."
TC038,Comunidades Latinas Unidas En Servicio (CLUES),verified_corpus,include,service,ethnocultural,provisional_needs_org_level_verification,low,"Likely strong community-service hybrid; advocacy dimension to verify separately."
TC047,Oromo Community of Minnesota,verified_corpus,include,ethnocultural,service,provisional_needs_org_level_verification,low,"Community-constituted status requires mission/governance evidence."
D2-10,Immigrant Defense Network,verified_corpus,include,coalition_network,advocacy,provisional_needs_org_level_verification,low,"Institutional form and direct-service intensity need verification."
TC076,Minnesota Interfaith Coalition on Immigration,verified_corpus,include,faith,advocacy,provisional_needs_org_level_verification,low,"Faith coalition and advocacy dimensions should both be retained."
TC077,ISAIAH,verified_corpus,include,advocacy,faith,provisional_needs_org_level_verification,low,"General organization with immigrant-relevant work; constituency scope requires careful coding."
TC055,CAPI USA,verified_corpus,include,service,ethnocultural,provisional_needs_org_level_verification,low,"Likely multiethnic immigrant/refugee service institution; verify community rootedness."
TC056,Karen Organization of Minnesota,verified_corpus,include,ethnocultural,service,provisional_needs_org_level_verification,low,"Likely community-constituted and direct-service hybrid."
TC044,Minnesota Council of Churches - Refugee Services,verified_corpus,include,service,faith,provisional_needs_org_level_verification,low,"Program-within-parent versus organization-level unit requires consistency."
TC035,Arrive Ministries,verified_corpus,include,faith,service,provisional_needs_org_level_verification,low,"Faith/service hybrid likely; verify advocacy orientation separately."
D2-03,Ayada Leads,verified_corpus,include,advocacy,ethnocultural,provisional_needs_org_level_verification,low,"Verify whether civic leadership/advocacy or community development is dominant."
TC003,Centro Tyrone Guzman,verified_corpus,include,ethnocultural,service,provisional_needs_org_level_verification,low,"Community/service role seed drawn from legacy coding."
TC030,African Development Center of Minnesota,verified_corpus,include,economic_development,service,provisional_needs_org_level_verification,low,"Economic-development role should not automatically imply community rootedness."
TC031,African Economic Development Solutions (AEDS),verified_corpus,include,economic_development,coalition_network,provisional_needs_org_level_verification,low,"Verify constituency breadth and direct-service intensity."
TC008,Literacy Minnesota,verified_corpus,include,education,service,provisional_needs_org_level_verification,low,"General-population organization with immigrant-relevant programming may require scope coding."
TC060,SEWA-AIFW,verified_corpus,include,ethnocultural,service,provisional_needs_org_level_verification,low,"Verify constituency and community-constituted status."
TC019,Esperanza United,verified_corpus,include,service,advocacy,provisional_needs_org_level_verification,low,"Direct service and advocacy likely coexist; verify immigrant/Latine constituency scope."
TC021,IAFR Jonathan House,verified_corpus,include,faith,service,provisional_needs_org_level_verification,low,"Program-level relation to parent organization must be preserved."
TC034,Al-Maa'uun,verified_corpus,include,ethnocultural,education,provisional_needs_org_level_verification,low,"Verify service intensity and faith/community institutional form."
TC015,Aeon,verified_corpus,include,housing,service,provisional_needs_org_level_verification,low,"General housing organization; immigrant-population eligibility and constituency scope should remain distinct from typology."
TC016,Bridging,verified_corpus,include,service,other,provisional_needs_org_level_verification,low,"General direct-service organization; verify immigrant/refugee positioning."
TC037,CommonBond Communities,verified_corpus,include,housing,service,provisional_needs_org_level_verification,low,"Housing/service role seed; population scope requires verification."
TC036,Catholic Charities Twin Cities,verified_corpus,include,faith,service,provisional_needs_org_level_verification,low,"Faith-based institutional form and service function should be separate dimensions."
D2-07,Groundwork Legal,verified_corpus,include,legal,advocacy,provisional_needs_org_level_verification,low,"Verify whether legal services, organizing, or advocacy is dominant."
TC078,Jewish Community Action,verified_corpus,include,advocacy,faith,provisional_needs_org_level_verification,low,"Faith/community organizing hybrid; immigrant-specific constituency should not be presumed."
TC002,Cedar Riverside Adult Education Collaborative,verified_corpus,include,education,service,provisional_needs_org_level_verification,low,"Collaborative/network form and community rootedness require verification."
TC050,Project for Pride in Living,verified_corpus,exclude_from_primary_analysis,service,other,provisional_excluded_record,low,"Retained for collection provenance but excluded from final primary universe under immigrant/refugee-population criterion."
TC070,Hmong American Partnership,verified_corpus,include,ethnocultural,service,provisional_needs_org_level_verification,low,"Likely community-rooted service hybrid; verify advocacy dimension separately."
TC049,PRISM,verified_corpus,include,service,other,provisional_needs_org_level_verification,low,"General service organization; constituency scope and eligibility evidence should be checked together but separately coded."
TC026,Volunteers of America Minnesota and Wisconsin,verified_corpus,include,service,education,provisional_needs_org_level_verification,low,"Broad service organization; immigrant-relevant unit/program scope requires verification."
TC065,Volunteer Lawyers Network,verified_corpus,include,legal,service,provisional_needs_org_level_verification,low,"Legal/direct service role seed."
TC025,Twin Cities Habitat for Humanity,verified_corpus,include,housing,service,provisional_needs_org_level_verification,low,"General housing organization; immigrant/refugee population connection should remain an eligibility evidence question."
TC062,AVIVO,verified_corpus,include,service,education,provisional_needs_org_level_verification,low,"Broad service/employment organization; verify constituency scope."
TC023,Missions Inc. Programs,verified_corpus,include,service,other,provisional_needs_org_level_verification,low,"Broad service organization; verify immigrant/refugee-specific positioning."
TC007,Keystone Community Services,candidate_tier_only,include,service,other,provisional_candidate_only,low,"Candidate-tier communication only; typology can be verified independently of communication retrieval status."
