org_id,organization,amplification_status,verified_external_count_min,search_notes,last_audited
D2-03,Ayada Leads,verified_external_coverage,1,"Verified Jan. 15, 2026 Here & Now/WBUR interview with executive director Habon Abdulle; syndicated to public-radio affiliates including WGLT. Count originating WBUR item once; affiliate reposts treated as syndication, not independent stories.",2026-09-23
D3-05,India Association of Minnesota,searched_no_verified_external_coverage_yet,0,"National/regional searches completed in this pass. Strong first-party multilingual Know Your Rights toolkit and Jan. 28 immigration-rights session found, but no verified earned national/regional news item located yet.",2026-09-23
D3-11,Association of Nepalis in Minnesota,searched_no_verified_external_coverage_yet,0,"National/regional searches completed in this pass. Jan. 16 immigrant-resource routing and Jan. 21 rights/safety programming verified as first-party communication; no earned national/regional news uptake located yet.",2026-09-23
TC047,Oromo Community of Minnesota,searched_no_verified_external_coverage_yet,0,"National/regional searches completed in this pass. Dec. 16, 2025 TPS/ICE response is strong first-party crisis communication, but no verified earned national/regional coverage located yet.",2026-09-23
TC041,International Institute of Minnesota,external_search_in_progress,0,"National/regional discovery started. Strong first-party Operation PARRIS communication and extensive Minnesota-local coverage already verified; no distinct national-origin earned item admitted in this pass.",2026-09-23
TC057,Immigrant Law Center of Minnesota,external_search_in_progress,0,"National/regional discovery started; local Minnesota uptake already extensive. Distinct national-origin coverage remains to verify and deduplicate from syndication.",2026-09-23
TC064,The Advocates for Human Rights,external_search_in_progress,0,"National/regional discovery started. Organization press releases and litigation records are abundant; separate earned national/regional journalism still requires source-by-source verification before admission.",2026-09-23
TC073,Center for Victims of Torture,external_search_in_progress,0,"National/regional discovery started; Minnesota-local coverage already verified. Distinct national-origin earned items remain to verify.",2026-09-23
TC019,Esperanza United,searched_no_verified_external_coverage_yet,0,"National/regional searches started after verified Mar. 31 MPR local item; no distinct national/regional earned item admitted yet.",2026-09-23
