name,label,node_type,degree,strength,label_priority,x,y
AFF::Fear,Fear,Affect,25,33.16229098386992,3,11.803668387469395,4.491491749084178
AFF::Anxiety / uncertainty,Anxiety / uncertainty,Affect,25,22.914216631321896,3,12.0947847395439,3.9341251662267385
AFF::Anger,Anger,Affect,19,16.877939399781503,3,11.540066587968715,5.056832809924635
AFF::Moral outrage,Moral outrage,Affect,23,28.65135049161365,3,11.74178829527563,4.635496348087768
AFF::Grief / sadness,Grief / sadness,Affect,23,20.969163935479724,3,11.846058818594802,3.8864442566649338
AFF::Solidarity,Solidarity,Affect,42,80.18936989910675,3,11.286263482592023,4.156699848262734
AFF::Care / compassion,Care / compassion,Affect,42,71.39203328834907,3,11.353394474630155,4.10555494988389
AFF::Empathy,Empathy,Affect,32,40.72183792815372,3,11.696083789373898,4.411619585384623
AFF::Hope,Hope,Affect,41,56.423951545530485,3,10.894864778547257,3.5918125930036684
AFF::Reassurance,Reassurance,Affect,34,26.31385193753615,3,11.903971289086149,3.370072288016391
AFF::Defiance,Defiance,Affect,22,24.315338988496883,3,11.552258318384247,4.798751310208659
AFF::Urgency,Urgency,Affect,27,39.383005590900325,3,11.620561923069223,4.580994662401952
AFF::Pride,Pride,Affect,31,33.06280412569887,3,10.78355967990706,3.632724212358857
AFF::Gratitude,Gratitude,Affect,24,19.324841269841272,3,11.692783327970375,3.3269136579541185
ORG::D2-01,ACLU of Minnesota,Organization,19,26.384615384615387,2,11.792025385336203,4.847646308339527
ORG::D2-03,Ayada Leads,Organization,14,14,1,11.566868324449391,3.6108086955636027
ORG::D2-07,Groundwork Legal,Organization,14,21.6,2,11.608064920211948,4.097931768281873
ORG::D2-10,Immigrant Defense Network,Organization,13,25,2,11.356045450155644,4.55718984161087
ORG::TC002,Cedar Riverside Adult Education Collaborative,Organization,4,0.5,1,6.999224263097818,0
ORG::TC003,Centro Tyrone Guzman,Organization,8,16,1,11.050766988144357,3.9769919601751247
ORG::TC008,Literacy Minnesota,Organization,9,17,2,11.6037691830375,3.7480971154406806
ORG::TC015,Aeon,Organization,7,9,1,11.201110496117458,3.2640158808160766
ORG::TC016,Bridging,Organization,5,10,1,11.267557181898976,3.7453089160519513
ORG::TC019,Esperanza United,Organization,11,26,2,11.539498620248885,4.314681619475489
ORG::TC021,IAFR Jonathan House,Organization,10,20,2,11.70056510679023,4.161520613600839
ORG::TC023,Missions Inc. Programs,Organization,13,10,1,10.778004062995038,4.2364198184021244
ORG::TC025,Twin Cities Habitat for Humanity,Organization,11,8.615384615384615,1,11.450247015060711,3.191436658973589
ORG::TC026,Volunteers of America Minnesota and Wisconsin,Organization,7,9.2,1,11.258120856974525,3.454089044229347
ORG::TC028,ACER,Organization,11,10.25,1,11.067205261448722,3.4377409226823215
ORG::TC030,African Development Center of Minnesota,Organization,3,4,1,10.885930393036634,2.9801658003996563
ORG::TC031,African Economic Development Solutions (AEDS),Organization,6,9.5,1,11.102062067227337,3.864086429004233
ORG::TC034,Al-Maa'uun,Organization,5,6.25,1,11.52063326402373,3.4076113369330088
ORG::TC035,Arrive Ministries,Organization,9,9.166666666666666,1,10.619311592483513,4.370986740902377
ORG::TC036,Catholic Charities Twin Cities,Organization,8,11,1,11.012136642930933,4.616710971325941
ORG::TC037,CommonBond Communities,Organization,6,6.999999999999999,1,10.507750539507239,3.598230386476487
ORG::TC038,Comunidades Latinas Unidas En Servicio (CLUES),Organization,11,2.0833333333333335,1,12.9031666600162,6.313783022144323
ORG::TC041,International Institute of Minnesota,Organization,21,24.960000000000004,2,11.816375069588052,3.994967212876468
ORG::TC042,Isuroon,Organization,11,11.75,1,10.824999818588216,4.472727499266626
ORG::TC044,Minnesota Council of Churches,Organization,14,21.333333333333332,2,11.375633831150079,4.307269420844163
ORG::TC047,Oromo Community of Minnesota,Organization,12,14,1,11.436275643334941,3.8239575457446606
ORG::TC050,Project for Pride in Living,Organization,14,11.777777777777779,1,10.554699669087803,4.0569187339153
ORG::TC054,Alight,Organization,17,17.769230769230766,2,11.082474522902134,4.176909470172409
ORG::TC055,CAPI USA,Organization,5,4,1,10.349320584694427,3.1250107250813315
ORG::TC056,Karen Organization of Minnesota,Organization,6,9,1,11.14871444916593,3.59794992672755
ORG::TC057,Immigrant Law Center of Minnesota,Organization,21,34.75,2,11.979646658134442,4.2795733677407934
ORG::TC058,Mid-Minnesota Legal Aid,Organization,18,10.642857142857142,1,10.91700332365295,5.5760688936609615
ORG::TC060,SEWA-AIFW,Organization,4,7,1,10.680578150533098,4.02231847797433
ORG::TC062,AVIVO,Organization,5,9,1,10.734827052853756,3.872161629442258
ORG::TC064,The Advocates for Human Rights,Organization,19,25.238095238095234,2,12.328669494835719,4.442040593657243
ORG::TC065,Volunteer Lawyers Network,Organization,7,7,1,10.436530673377593,4.9516053638900095
ORG::TC070,Hmong American Partnership,Organization,4,5,1,10.650898631604583,3.159478488161425
ORG::TC073,Center for Victims of Torture,Organization,19,24.150000000000002,2,11.123473866010725,4.738725594871613
ORG::TC074,COPAL,Organization,17,25.083333333333332,2,11.260739354639334,4.440636104427852
ORG::TC075,Unidos MN,Organization,17,17,2,11.650985951414834,3.9786717065082806
ORG::TC076,Minnesota Interfaith Coalition on Immigration,Organization,15,13.25,1,10.910585411694283,3.984991224465584
ORG::TC077,ISAIAH,Organization,12,28.5,2,11.458828823476777,4.470230937390768
ORG::TC078,Jewish Community Action,Organization,15,21.947368421052634,2,11.020443253648338,4.423106895782048
ORG::D1-09,Southern Minnesota Regional Legal Services (SMRLS),Organization,1,1,1,0,0
ORG::D2-02,MN8 / Release MN8,Organization,1,1,1,10.532430010949422,6.871911642094652
ORG::D2-05,CAIR-Minnesota,Organization,1,1,1,13.262260569060626,4.970735746842255
ORG::D2-06,Inquilinxs Unidxs por Justicia / United Renters for Justice,Organization,2,2,1,4.999697501238723,0
ORG::D2-08,Defend the 612,Organization,3,4,1,14.016760574701191,4.274422398032053
ORG::TC045,Neighborhood House,Organization,1,1,1,11.623588957639372,6.969511977857794
ORG::TC082,Coalition of Asian American Leaders (CAAL),Organization,1,1,1,2,0
ORG::TC084,Minnesota Immigrant Rights Action Committee (MIRAC),Organization,4,7,1,12.435767658402362,4.644382435542004
MED::Minnesota Women's Press,Minnesota Women's Press,Media,1,1,2,1,0
MED::Bring Me The News,Bring Me The News,Media,4,10,2,12.35938397845553,4.270728914187034
MED::FOX 9,FOX 9,Media,2,4,2,11.847937442573944,5.21982342485027
MED::KSTP 5 Eyewitness News,KSTP 5 Eyewitness News,Media,4,6,2,12.429629430537549,3.862199195393009
MED::MPR News,MPR News,Media,10,13,2,12.260260749680562,4.07654692419931
MED::Minnesota Reformer,Minnesota Reformer,Media,3,7,2,12.047046435100693,4.845410334366118
MED::Minnesota Star Tribune,Minnesota Star Tribune,Media,7,11,2,11.070631698338723,5.021159236563195
MED::Sahan Journal,Sahan Journal,Media,10,18,2,12.179180399113598,4.478244175765758
MED::Community Reporter,Community Reporter,Media,4,4,2,11.068364151478274,5.855016942978572
MED::Here & Now / WBUR,Here & Now / WBUR,Media,1,1,2,9.67503830709233,3.2716830884669976
MED::Finance & Commerce,Finance & Commerce,Media,1,1,2,5.999224263097818,0.036476791837955755
MED::In These Times,In These Times,Media,1,1,2,4,0.031451709530214866
MED::Associated Press,Associated Press,Media,4,5,2,12.90889457822099,4.402592540191832
MED::Fox News Digital,Fox News Digital,Media,1,2,2,14.47082641157178,3.9681937418251465
MED::The Washington Post,The Washington Post,Media,1,1,2,14.973995445488242,4.9287269500469595
MED::The Guardian,The Guardian,Media,4,7,2,11.290297814419123,4.914877699111295
MED::N+ Univision,N+ Univision,Media,1,2,2,10.245995343725435,4.029070269628171
MED::CBS Minnesota / WCCO,CBS Minnesota / WCCO,Media,8,8,2,11.884551794515986,5.563323635291113
MED::NPR,NPR,Media,1,1,2,12.501364485540506,2.7965419001704808
MED::CNN,CNN,Media,3,3,2,12.264599524335116,5.488371803941343
MED::The New York Times,The New York Times,Media,1,1,2,12.990126032541816,3.4488091159690106
MED::Minnesota Spokesman-Recorder,Minnesota Spokesman-Recorder,Media,1,1,2,10.68486897196811,6.675820389530447
MED::The Imprint,The Imprint,Media,1,1,2,9.83679298951148,6.251321455604384
MED::KARE 11,KARE 11,Media,1,1,2,9.716724988917134,4.956064634396593
MED::Pioneer Press,Pioneer Press,Media,1,1,2,10.007816477781457,5.399124758146853
MED::Religion News Service,Religion News Service,Media,1,1,2,10.973571741119256,2.3403741766900006
MED::TC Jewfolk,TC Jewfolk,Media,2,6,2,10.824991519262191,4.597060166333686
MED::Jewish Telegraphic Agency,Jewish Telegraphic Agency,Media,1,1,2,9.634455652947679,4.415939154850506
MED::Hmong Daily News,Hmong Daily News,Media,1,1,2,3,0
