item_id,org_id,organization,date,platform,url,content_type,title_or_caption,source_summary,language,media_type,retrieval_status,source_repo_path
TC044-WEB-001,TC044,Minnesota Council of Churches,2025-12-03,website,https://www.mnchurches.org/somali-people-are-part-minnesotas-story,statement,"Somali people are part of Minnesota's story","MCC responds to public rhetoric targeting Somali Minnesotans by emphasizing dignity, belonging, interfaith moral commitments, and the civic and cultural contributions of Somali communities in Minnesota.",English,text_image,retrieved,research_workspace/05_data/raw/communication_items_batch_23_MCC_web_verified.csv
TC044-WEB-002,TC044,Minnesota Council of Churches,2026-01-07,website,https://mnchurches.org/our-hearts-are-heavy,statement,"Our hearts are heavy","MCC issues a public statement and prayer after a woman was killed during an encounter involving federal immigration enforcement, using language of grief, fear, shared humanity, justice, and concern for vulnerable communities.",English,text_image,retrieved,research_workspace/05_data/raw/communication_items_batch_23_MCC_web_verified.csv
TC044-WEB-003,TC044,Minnesota Council of Churches,2026-01-25,website,https://www.startribune.com/opinion-operation-parris-is-an-acronym-that-spells-the-end-of-refuge/601568066,opinion,"Operation PARRIS is an acronym that spells the end of refuge","Commentary by MCC Refugee Services director Kathleen Motzenbecker describes fear, detention, family disruption, community response, and concern about the treatment of legally admitted refugees during Operation PARRIS.",English,text_image,retrieved,research_workspace/05_data/raw/communication_items_batch_23_MCC_web_verified.csv
TC035-WEB-001,TC035,Arrive Ministries,2025-11-14,website,https://arriveministries.org/event/worshipnight/,event_notice,"Multicultural Worship Night","Arrive Ministries invites diverse Christian communities from across the Twin Cities metro to worship together in multiple languages and cultural traditions, framing the gathering around welcome, belonging, and shared faith.",English,text_image,retrieved,research_workspace/05_data/raw/communication_items_batch_24_ArriveMinistries_web_verified.csv
TC035-WEB-002,TC035,Arrive Ministries,2025-12-01,website,https://arriveministries.org/timeline-usrap-changes/,news_update,"U.S. Refugee Admissions Policy Changes in 2025","Arrive Ministries summarizes major 2025 refugee-admissions and immigration policy changes, including visa processing pauses, green-card delays, travel restrictions, funding cuts, and impacts on refugees and immigrants.",English,text_image,retrieved,research_workspace/05_data/raw/communication_items_batch_24_ArriveMinistries_web_verified.csv
TC035-WEB-003,TC035,Arrive Ministries,2026-02-26,website,https://arriveministries.org/operation-parris/,article,"What is Operation PARRIS?","Arrive Ministries explains Operation PARRIS and describes reverification, detention, uncertainty, and legal-support needs affecting refugees in Minnesota.",English,text_image,retrieved,research_workspace/05_data/raw/communication_items_batch_24_ArriveMinistries_web_verified.csv
TC035-WEB-004,TC035,Arrive Ministries,2026-03-11,website,https://arriveministries.org/our-events/list/,event_notice,"Noon Arrive Info Session","Arrive Ministries invites participants to learn about refugees' journeys to Minnesota, the organization's work, volunteer opportunities, and ways to get involved.",English,text,retrieved_from_archive_index,research_workspace/05_data/raw/communication_items_batch_24_ArriveMinistries_web_verified.csv
TC035-WEB-005,TC035,Arrive Ministries,2026-03-12,website,https://arriveministries.org/our-events/list/,event_notice,"Classes for Churches: Immigration 101","Arrive Ministries offers a hybrid Immigration 101 class covering the U.S. immigration system, humanitarian pathways, and Arrive Ministries' role as a resettlement and legal-services provider.",English,text,retrieved_from_archive_index,research_workspace/05_data/raw/communication_items_batch_24_ArriveMinistries_web_verified.csv
TC035-WEB-006,TC035,Arrive Ministries,2026-03-21,website,https://arriveministries.org/our-events/list/,event_notice,"Classes for Churches: Language for Community Connection","Arrive Ministries offers a language-learning class for churches focused on community connection and communication with refugee and immigrant neighbors.",English,text,retrieved_from_archive_index,research_workspace/05_data/raw/communication_items_batch_24_ArriveMinistries_web_verified.csv
